{"v":"5.0.1","fr":30,"ip":0,"op":60,"w":512,"h":512,"assets":[],"layers":[{"ind":32,"nm":"Layer 32","ks":{"p":{"a":0,"k":[0,0]},"a":{"a":0,"k":[0,0,0]},"s":{"a":0,"k":[100,100,100]},"r":{"a":0,"k":0},"o":{"a":0,"k":100}},"ao":0,"ip":0,"op":60,"st":0,"bm":0,"sr":1,"ty":4,"shapes":[]},{"ind":31,"nm":"imagebot_3","ks":{"p":{"a":0,"k":[-320.006,-239.393]},"a":{"a":0,"k":[0,0,0]},"s":{"a":0,"k":[157.383,157.383,100]},"r":{"a":0,"k":0},"o":{"a":0,"k":100}},"ao":0,"ip":0,"op":60,"st":0,"bm":0,"sr":1,"ty":4,"shapes":[{"ty":"gr","it":[{"ty":"sh","d":1,"ks":{"a":0,"k":{"i":[[0,0],[-17.25,1.45],[5.54,-10.75]],"o":[[7.08,-6.01],[-12.87,-2.17],[0,0]],"v":[[306.28,456.85],[337.77,444.71],[306.28,456.85]],"c":true},"hd":false}},{"ty":"fl","c":{"a":0,"k":[1,1,1,1]},"hd":false,"o":{"a":0,"k":100},"r":1},{"ty":"tr","p":{"a":0,"k":[0,0]},"a":{"a":0,"k":[0,0]},"s":{"a":0,"k":[100,100]},"r":{"a":0,"k":0},"o":{"a":0,"k":62.981},"sk":{"a":0,"k":0},"sa":{"a":0,"k":0}}],"nm":"imagebot_4","ln":"imagebot_4","hd":false},{"ty":"gr","it":[{"ty":"sh","d":1,"ks":{"a":0,"k":{"i":[[0,0],[1.24,1.36],[-18.13,0],[-6.01,-3.09],[0,-5.85]],"o":[[-3.85,0.32],[0,-13.57],[10.31,0],[1.01,1.85],[0,0]],"v":[[363.1,466.7],[300.17,466.35],[332.99,441.78],[362.01,446.65],[363.1,466.7]],"c":true},"hd":false}},{"ty":"st","c":{"a":0,"k":[0.282,0.282,0.282,1]},"o":{"a":0,"k":100},"w":{"a":0,"k":2},"lc":2,"lj":2,"ml":4},{"ty":"tr","p":{"a":0,"k":[0,0]},"a":{"a":0,"k":[0,0]},"s":{"a":0,"k":[100,100]},"r":{"a":0,"k":0},"o":{"a":0,"k":100},"sk":{"a":0,"k":0},"sa":{"a":0,"k":0}}],"nm":"imagebot_5","ln":"imagebot_5","hd":false},{"ty":"gr","it":[{"ty":"sh","d":1,"ks":{"a":0,"k":{"i":[[0,0],[6.45,22.82],[0,0],[0,0],[0,0],[0,0]],"o":[[31.85,-1.12],[0,0],[0,0],[0,0],[0,0],[0,0]],"v":[[300.34,463.87],[356.38,444.78],[362.57,446.9],[363.1,467.05],[300.52,466.88],[300.34,463.87]],"c":true},"hd":false}},{"ty":"fl","c":{"a":0,"k":[0.502,0.502,0.502,1]},"hd":false,"o":{"a":0,"k":100},"r":1},{"ty":"tr","p":{"a":0,"k":[0,0]},"a":{"a":0,"k":[0,0]},"s":{"a":0,"k":[100,100]},"r":{"a":0,"k":0},"o":{"a":0,"k":100},"sk":{"a":0,"k":0},"sa":{"a":0,"k":0}}],"nm":"imagebot_6","ln":"imagebot_6","hd":false},{"ty":"gr","it":[{"ty":"sh","d":1,"ks":{"a":0,"k":{"i":[[0,0],[1.24,1.36],[-18.13,0],[-6.01,-3.09],[0,-5.85]],"o":[[-3.85,0.32],[0,-13.57],[10.31,0],[1.01,1.85],[0,0]],"v":[[363.1,466.7],[300.17,466.35],[332.99,441.78],[362.01,446.65],[363.1,466.7]],"c":true},"hd":false}},{"ty":"st","c":{"a":0,"k":[0.282,0.282,0.282,1]},"o":{"a":0,"k":100},"w":{"a":0,"k":2},"lc":2,"lj":2,"ml":4},{"ty":"fl","c":{"a":0,"k":[0.643,0.643,0.643,1]},"hd":false,"o":{"a":0,"k":100},"r":1},{"ty":"tr","p":{"a":0,"k":[0,0]},"a":{"a":0,"k":[0,0]},"s":{"a":0,"k":[100,100]},"r":{"a":0,"k":0},"o":{"a":0,"k":100},"sk":{"a":0,"k":0},"sa":{"a":0,"k":0}}],"nm":"imagebot_7","ln":"imagebot_7","hd":false},{"ty":"gr","it":[{"d":1,"ty":"rc","s":{"a":0,"k":[36.77,12.728]},"p":{"a":0,"k":[18.385,6.364]},"r":{"a":0,"k":0}},{"ty":"st","c":{"a":0,"k":[0.282,0.282,0.282,1]},"o":{"a":0,"k":100},"w":{"a":0,"k":2},"lc":2,"lj":2,"ml":4},{"ty":"tr","p":{"a":0,"k":[0,0]},"a":{"a":0,"k":[-325.62,-399.47]},"s":{"a":0,"k":[100,100]},"r":{"a":0,"k":0},"o":{"a":0,"k":100},"sk":{"a":0,"k":0},"sa":{"a":0,"k":0}}],"nm":"imagebot_8","ln":"imagebot_8","hd":false},{"ty":"gr","it":[{"d":1,"ty":"rc","s":{"a":0,"k":[36.77,12.228]},"p":{"a":0,"k":[18.385,6.114]},"r":{"a":0,"k":0}},{"ty":"st","c":{"a":0,"k":[0.282,0.282,0.282,1]},"o":{"a":0,"k":100},"w":{"a":0,"k":2},"lc":2,"lj":2,"ml":4},{"ty":"tr","p":{"a":0,"k":[0,0]},"a":{"a":0,"k":[-325.98,-412.34]},"s":{"a":0,"k":[100,100]},"r":{"a":0,"k":0},"o":{"a":0,"k":100},"sk":{"a":0,"k":0},"sa":{"a":0,"k":0}}],"nm":"imagebot_9","ln":"imagebot_9","hd":false},{"ty":"gr","it":[{"d":1,"ty":"rc","s":{"a":0,"k":[36.77,11.978]},"p":{"a":0,"k":[18.385,5.989]},"r":{"a":0,"k":0}},{"ty":"st","c":{"a":0,"k":[0.282,0.282,0.282,1]},"o":{"a":0,"k":100},"w":{"a":0,"k":2},"lc":2,"lj":2,"ml":4},{"ty":"tr","p":{"a":0,"k":[0,0]},"a":{"a":0,"k":[-325.98,-424.59]},"s":{"a":0,"k":[100,100]},"r":{"a":0,"k":0},"o":{"a":0,"k":100},"sk":{"a":0,"k":0},"sa":{"a":0,"k":0}}],"nm":"imagebot_10","ln":"imagebot_10","hd":false},{"ty":"gr","it":[{"d":1,"ty":"rc","s":{"a":0,"k":[36.77,12.103]},"p":{"a":0,"k":[18.385,6.052]},"r":{"a":0,"k":0}},{"ty":"st","c":{"a":0,"k":[0.282,0.282,0.282,1]},"o":{"a":0,"k":100},"w":{"a":0,"k":2},"lc":2,"lj":2,"ml":4},{"ty":"tr","p":{"a":0,"k":[0,0]},"a":{"a":0,"k":[-325.98,-436.47]},"s":{"a":0,"k":[100,100]},"r":{"a":0,"k":0},"o":{"a":0,"k":100},"sk":{"a":0,"k":0},"sa":{"a":0,"k":0}}],"nm":"imagebot_11","ln":"imagebot_11","hd":false},{"ty":"gr","it":[{"ty":"sh","d":1,"ks":{"a":0,"k":{"i":[[0,0],[-4.23,-4.67],[-5.48,-4.99],[-2.76,-3.47],[-0.51,-3.79],[0,0],[0,0],[0,0],[0,0],[0,0],[0,0],[0,0],[0,0],[0,0],[0,0],[0,0],[0,0],[0,0],[0,0],[0,0],[0,0],[0,0]],"o":[[-2.31,4.01],[-2.65,3.69],[-5.12,4.78],[-4.54,7.65],[0,0],[0,0],[0,0],[0,0],[0,0],[0,0],[0,0],[0,0],[0,0],[0,0],[0,0],[0,0],[0,0],[0,0],[0,0],[0,0],[0,0],[0,0]],"v":[[336.97,399.12],[336.97,411.85],[337.15,424.22],[336.8,436.07],[336.8,448.62],[326.19,448.79],[327.07,446.14],[324.95,442.96],[326.01,438.36],[329.37,435.71],[325.84,433.06],[325.13,429.17],[328.84,424.22],[326.37,421.92],[325.48,417.51],[329.73,411.67],[326.54,409.2],[325.31,405.48],[327.61,401.07],[329.9,399.12],[336.09,399.65],[336.97,399.12]],"c":true},"hd":false}},{"ty":"fl","c":{"a":0,"k":[1,1,1,1]},"hd":false,"o":{"a":0,"k":100},"r":1},{"ty":"tr","p":{"a":0,"k":[0,0]},"a":{"a":0,"k":[0,0]},"s":{"a":0,"k":[100,100]},"r":{"a":0,"k":0},"o":{"a":0,"k":63},"sk":{"a":0,"k":0},"sa":{"a":0,"k":0}}],"nm":"imagebot_12","ln":"imagebot_12","hd":false},{"ty":"gr","it":[{"ty":"sh","d":1,"ks":{"a":0,"k":{"i":[[0,0],[4.23,-4.66],[5.48,-4.99],[2.76,-3.47],[0.51,-3.79],[0,0],[0,0],[0,0],[0,0],[0,0],[0,0],[0,0],[0,0],[0,0],[0,0],[0,0],[0,0],[0,0],[0,0],[0,0],[0,0],[0,0]],"o":[[2.31,4.01],[2.65,3.69],[5.11,4.78],[4.54,7.66],[0,0],[0,0],[0,0],[0,0],[0,0],[0,0],[0,0],[0,0],[0,0],[0,0],[0,0],[0,0],[0,0],[0,0],[0,0],[0,0],[0,0],[0,0]],"v":[[351.26,399],[351.26,411.72],[351.08,424.1],[351.43,435.94],[351.43,448.49],[362.04,448.67],[361.15,446.02],[363.28,442.84],[362.22,438.24],[358.86,435.59],[362.39,432.94],[363.1,429.05],[359.39,424.1],[361.86,421.8],[362.75,417.38],[358.5,411.55],[361.69,409.07],[362.92,405.36],[360.62,400.94],[358.33,399],[352.14,399.53],[351.26,399]],"c":true},"hd":false}},{"ty":"fl","c":{"a":0,"k":[0.502,0.502,0.502,1]},"hd":false,"o":{"a":0,"k":100},"r":1},{"ty":"tr","p":{"a":0,"k":[0,0]},"a":{"a":0,"k":[0,0]},"s":{"a":0,"k":[100,100]},"r":{"a":0,"k":0},"o":{"a":0,"k":100},"sk":{"a":0,"k":0},"sa":{"a":0,"k":0}}],"nm":"imagebot_13","ln":"imagebot_13","hd":false},{"ty":"gr","it":[{"d":1,"ty":"rc","s":{"a":0,"k":[36.77,12.728]},"p":{"a":0,"k":[18.385,6.364]},"r":{"a":0,"k":0}},{"ty":"st","c":{"a":0,"k":[0.282,0.282,0.282,1]},"o":{"a":0,"k":100},"w":{"a":0,"k":2},"lc":2,"lj":2,"ml":4},{"ty":"fl","c":{"a":0,"k":[0.643,0.643,0.643,1]},"hd":false,"o":{"a":0,"k":100},"r":1},{"ty":"tr","p":{"a":0,"k":[0,0]},"a":{"a":0,"k":[-325.62,-399.47]},"s":{"a":0,"k":[100,100]},"r":{"a":0,"k":0},"o":{"a":0,"k":100},"sk":{"a":0,"k":0},"sa":{"a":0,"k":0}}],"nm":"imagebot_14","ln":"imagebot_14","hd":false},{"ty":"gr","it":[{"d":1,"ty":"rc","s":{"a":0,"k":[36.77,12.728]},"p":{"a":0,"k":[18.385,6.364]},"r":{"a":0,"k":0}},{"ty":"st","c":{"a":0,"k":[0.282,0.282,0.282,1]},"o":{"a":0,"k":100},"w":{"a":0,"k":2},"lc":2,"lj":2,"ml":4},{"ty":"fl","c":{"a":0,"k":[0.643,0.643,0.643,1]},"hd":false,"o":{"a":0,"k":100},"r":1},{"ty":"tr","p":{"a":0,"k":[0,0]},"a":{"a":0,"k":[-325.98,-411.84]},"s":{"a":0,"k":[100,100]},"r":{"a":0,"k":0},"o":{"a":0,"k":100},"sk":{"a":0,"k":0},"sa":{"a":0,"k":0}}],"nm":"imagebot_15","ln":"imagebot_15","hd":false},{"ty":"gr","it":[{"d":1,"ty":"rc","s":{"a":0,"k":[36.77,12.728]},"p":{"a":0,"k":[18.385,6.364]},"r":{"a":0,"k":0}},{"ty":"st","c":{"a":0,"k":[0.282,0.282,0.282,1]},"o":{"a":0,"k":100},"w":{"a":0,"k":2},"lc":2,"lj":2,"ml":4},{"ty":"fl","c":{"a":0,"k":[0.643,0.643,0.643,1]},"hd":false,"o":{"a":0,"k":100},"r":1},{"ty":"tr","p":{"a":0,"k":[0,0]},"a":{"a":0,"k":[-325.98,-423.84]},"s":{"a":0,"k":[100,100]},"r":{"a":0,"k":0},"o":{"a":0,"k":100},"sk":{"a":0,"k":0},"sa":{"a":0,"k":0}}],"nm":"imagebot_16","ln":"imagebot_16","hd":false},{"ty":"gr","it":[{"d":1,"ty":"rc","s":{"a":0,"k":[36.77,12.728]},"p":{"a":0,"k":[18.385,6.364]},"r":{"a":0,"k":0}},{"ty":"st","c":{"a":0,"k":[0.282,0.282,0.282,1]},"o":{"a":0,"k":100},"w":{"a":0,"k":2},"lc":2,"lj":2,"ml":4},{"ty":"fl","c":{"a":0,"k":[0.643,0.643,0.643,1]},"hd":false,"o":{"a":0,"k":100},"r":1},{"ty":"tr","p":{"a":0,"k":[0,0]},"a":{"a":0,"k":[-325.98,-435.84]},"s":{"a":0,"k":[100,100]},"r":{"a":0,"k":0},"o":{"a":0,"k":100},"sk":{"a":0,"k":0},"sa":{"a":0,"k":0}}],"nm":"imagebot_17","ln":"imagebot_17","hd":false}],"ln":"imagebot_3"},{"ind":30,"nm":"imagebot_18","ks":{"p":{"a":0,"k":[-159.984,30.557]},"a":{"a":0,"k":[0,0,0]},"s":{"a":0,"k":[112.142,112.142,100]},"r":{"a":0,"k":0},"o":{"a":0,"k":62.981}},"ao":0,"ip":0,"op":60,"st":0,"bm":0,"sr":1,"ty":4,"shapes":[{"ty":"gr","it":[{"ty":"sh","d":1,"ks":{"a":0,"k":{"i":[[0,0],[-4.87,-2.11],[5.12,-6.39]],"o":[[4.27,-2.32],[-4.21,-4.48],[0,0]],"v":[[413.9,296.65],[427.65,296.67],[413.9,296.65]],"c":true},"hd":false}},{"ty":"fl","c":{"a":0,"k":[1,1,1,1]},"hd":false,"o":{"a":0,"k":100},"r":1},{"ty":"tr","p":{"a":0,"k":[0,0]},"a":{"a":0,"k":[0,0]},"s":{"a":0,"k":[100,100]},"r":{"a":0,"k":0},"o":{"a":0,"k":100},"sk":{"a":0,"k":0},"sa":{"a":0,"k":0}}],"nm":"Object","hd":false}],"ln":"imagebot_18"},{"ind":29,"nm":"imagebot_19","ks":{"p":{"a":0,"k":[-159.984,30.557]},"a":{"a":0,"k":[0,0,0]},"s":{"a":0,"k":[112.142,112.142,100]},"r":{"a":0,"k":0},"o":{"a":0,"k":62.981}},"ao":0,"ip":0,"op":60,"st":0,"bm":0,"sr":1,"ty":4,"shapes":[{"ty":"gr","it":[{"ty":"sh","d":1,"ks":{"a":0,"k":{"i":[[0,0],[-4.87,-2.11],[5.11,-6.38]],"o":[[4.26,-2.31],[-4.21,-4.49],[0,0]],"v":[[318.39,296.71],[332.14,296.74],[318.39,296.71]],"c":true},"hd":false}},{"ty":"fl","c":{"a":0,"k":[1,1,1,1]},"hd":false,"o":{"a":0,"k":100},"r":1},{"ty":"tr","p":{"a":0,"k":[0,0]},"a":{"a":0,"k":[0,0]},"s":{"a":0,"k":[100,100]},"r":{"a":0,"k":0},"o":{"a":0,"k":100},"sk":{"a":0,"k":0},"sa":{"a":0,"k":0}}],"nm":"Object","hd":false}],"ln":"imagebot_19"},{"ind":28,"nm":"imagebot_20","ks":{"p":{"a":0,"k":[-159.984,30.557]},"a":{"a":0,"k":[-314.82,-212.74,0]},"s":{"a":0,"k":[112.142,112.142,100]},"r":{"a":0,"k":0},"o":{"a":0,"k":100}},"ao":0,"ip":0,"op":60,"st":0,"bm":0,"sr":1,"ty":4,"shapes":[{"ty":"gr","it":[{"d":1,"ty":"rc","s":{"a":0,"k":[114.73,70.171]},"p":{"a":0,"k":[57.365,35.086]},"r":{"a":0,"k":0}},{"ty":"st","c":{"a":0,"k":[0.282,0.282,0.282,1]},"o":{"a":0,"k":100},"w":{"a":0,"k":2.807},"lc":2,"lj":2,"ml":4},{"ty":"tr","p":{"a":0,"k":[0,0]},"a":{"a":0,"k":[0,0]},"s":{"a":0,"k":[100,100]},"r":{"a":0,"k":0},"o":{"a":0,"k":100},"sk":{"a":0,"k":0},"sa":{"a":0,"k":0}}],"nm":"Object","hd":false}],"ln":"imagebot_20"},{"ind":27,"nm":"imagebot_21","ks":{"p":{"a":0,"k":[-159.984,30.557]},"a":{"a":0,"k":[0,0,0]},"s":{"a":0,"k":[112.142,112.142,100]},"r":{"a":0,"k":0},"o":{"a":0,"k":95}},"ao":0,"ip":0,"op":60,"st":0,"bm":0,"sr":1,"ty":4,"shapes":[{"ty":"gr","it":[{"ty":"sh","d":1,"ks":{"a":0,"k":{"i":[[0,0],[0,0],[-3.03,0.13],[0,0],[0,0],[0.09,-2.77],[0,0],[0,0]],"o":[[0,0],[-0.12,-3.83],[0,0],[0,0],[-3.37,0.42],[0,0],[0,0],[0,0]],"v":[[318.22,279.67],[318.24,221.78],[324.2,215.85],[422.64,215.6],[328.07,221.33],[323.2,226.34],[318.04,269.67],[318.22,279.67]],"c":true},"hd":false}},{"ty":"fl","c":{"a":0,"k":[1,1,1,1]},"hd":false,"o":{"a":0,"k":100},"r":1},{"ty":"tr","p":{"a":0,"k":[0,0]},"a":{"a":0,"k":[0,0]},"s":{"a":0,"k":[100,100]},"r":{"a":0,"k":0},"o":{"a":0,"k":100},"sk":{"a":0,"k":0},"sa":{"a":0,"k":0}}],"nm":"Object","hd":false}],"ln":"imagebot_21"},{"ind":26,"nm":"imagebot_22","ks":{"p":{"a":0,"k":[-159.984,30.557]},"a":{"a":0,"k":[0,0,0]},"s":{"a":0,"k":[112.142,112.142,100]},"r":{"a":0,"k":0},"o":{"a":0,"k":100}},"ao":0,"ip":0,"op":60,"st":0,"bm":0,"sr":1,"ty":4,"shapes":[{"ty":"gr","it":[{"ty":"sh","d":1,"ks":{"a":1,"k":[{"i":{"x":[0.833],"y":[0.833]},"o":{"x":[0.167],"y":[0.167]},"t":0,"s":[{"i":[[0,0],[0,0],[0,0],[0,0],[0,0],[0,0],[0,0],[0,0],[0,0],[0,0],[0,0],[0,0],[0,0]],"o":[[0,0],[0,0],[0,0],[0,0],[0,0],[0,0],[0,0],[0,0],[0,0],[0,0],[0,0],[0,0],[0,0]],"v":[[315.52,253.44],[328.85,253.44],[338.67,223.27],[344.64,253.8],[352.01,240.46],[363.23,270.29],[369.9,250.99],[385.34,250.64],[391.65,227.48],[397.97,265.02],[404.28,240.46],[407.79,253.09],[428.14,253.09]],"c":false}],"e":[{"i":[[0,0],[0,0],[0,0],[0,0],[0,0],[0,0],[0,0],[0,0],[0,0],[0,0],[0,0],[0,0],[0,0]],"o":[[0,0],[0,0],[0,0],[0,0],[0,0],[0,0],[0,0],[0,0],[0,0],[0,0],[0,0],[0,0],[0,0]],"v":[[315.52,253.44],[328.85,253.44],[335.722,240.46],[344.64,253.8],[353.556,227.48],[364.257,265.02],[369.9,250.99],[376.741,240.46],[391.65,227.48],[397.97,265.02],[404.28,240.46],[407.79,253.09],[428.14,253.09]],"c":false}]},{"i":{"x":[0.833],"y":[0.833]},"o":{"x":[0.167],"y":[0.167]},"t":8,"s":[{"i":[[0,0],[0,0],[0,0],[0,0],[0,0],[0,0],[0,0],[0,0],[0,0],[0,0],[0,0],[0,0],[0,0]],"o":[[0,0],[0,0],[0,0],[0,0],[0,0],[0,0],[0,0],[0,0],[0,0],[0,0],[0,0],[0,0],[0,0]],"v":[[315.52,253.44],[328.85,253.44],[335.722,240.46],[344.64,253.8],[353.556,227.48],[364.257,265.02],[369.9,250.99],[376.741,240.46],[391.65,227.48],[397.97,265.02],[404.28,240.46],[407.79,253.09],[428.14,253.09]],"c":false}],"e":[{"i":[[0,0],[0,0],[0,0],[0,0],[0,0],[0,0],[0,0],[0,0],[0,0],[0,0],[0,0],[0,0],[0,0]],"o":[[0,0],[0,0],[0,0],[0,0],[0,0],[0,0],[0,0],[0,0],[0,0],[0,0],[0,0],[0,0],[0,0]],"v":[[315.52,253.44],[328.85,253.44],[335.722,240.46],[344.64,253.8],[355.34,246.958],[364.257,265.02],[369.9,250.99],[391.65,253.8],[391.65,227.48],[399.926,227.48],[404.28,240.46],[407.79,253.09],[428.14,253.09]],"c":false}]},{"i":{"x":[0.833],"y":[0.833]},"o":{"x":[0.167],"y":[0.167]},"t":17,"s":[{"i":[[0,0],[0,0],[0,0],[0,0],[0,0],[0,0],[0,0],[0,0],[0,0],[0,0],[0,0],[0,0],[0,0]],"o":[[0,0],[0,0],[0,0],[0,0],[0,0],[0,0],[0,0],[0,0],[0,0],[0,0],[0,0],[0,0],[0,0]],"v":[[315.52,253.44],[328.85,253.44],[335.722,240.46],[344.64,253.8],[355.34,246.958],[364.257,265.02],[369.9,250.99],[391.65,253.8],[391.65,227.48],[399.926,227.48],[404.28,240.46],[407.79,253.09],[428.14,253.09]],"c":false}],"e":[{"i":[[0,0],[0,0],[0,0],[0,0],[0,0],[0,0],[0,0],[0,0],[0,0],[0,0],[0,0],[0,0],[0,0]],"o":[[0,0],[0,0],[0,0],[0,0],[0,0],[0,0],[0,0],[0,0],[0,0],[0,0],[0,0],[0,0],[0,0]],"v":[[315.52,253.44],[328.85,253.44],[335.722,240.46],[351.773,240.46],[355.34,260.334],[364.257,265.02],[369.9,250.99],[391.65,253.8],[391.65,227.48],[399.926,227.48],[404.28,240.46],[407.79,253.09],[428.14,253.09]],"c":false}]},{"i":{"x":[0.833],"y":[0.833]},"o":{"x":[0.167],"y":[0.167]},"t":29,"s":[{"i":[[0,0],[0,0],[0,0],[0,0],[0,0],[0,0],[0,0],[0,0],[0,0],[0,0],[0,0],[0,0],[0,0]],"o":[[0,0],[0,0],[0,0],[0,0],[0,0],[0,0],[0,0],[0,0],[0,0],[0,0],[0,0],[0,0],[0,0]],"v":[[315.52,253.44],[328.85,253.44],[335.722,240.46],[351.773,240.46],[355.34,260.334],[364.257,265.02],[369.9,250.99],[391.65,253.8],[391.65,227.48],[399.926,227.48],[404.28,240.46],[407.79,253.09],[428.14,253.09]],"c":false}],"e":[{"i":[[0,0],[0,0],[0,0],[0,0],[0,0],[0,0],[0,0],[0,0],[0,0],[0,0],[0,0],[0,0],[0,0]],"o":[[0,0],[0,0],[0,0],[0,0],[0,0],[0,0],[0,0],[0,0],[0,0],[0,0],[0,0],[0,0],[0,0]],"v":[[315.52,253.44],[328.85,253.44],[335.722,240.46],[351.773,240.46],[358.015,235.366],[365.149,235.366],[369.9,250.99],[391.65,253.8],[399.926,253.8],[404.28,253.8],[404.28,240.46],[407.79,253.09],[428.14,253.09]],"c":false}]},{"i":{"x":[0.833],"y":[0.833]},"o":{"x":[0.167],"y":[0.167]},"t":36,"s":[{"i":[[0,0],[0,0],[0,0],[0,0],[0,0],[0,0],[0,0],[0,0],[0,0],[0,0],[0,0],[0,0],[0,0]],"o":[[0,0],[0,0],[0,0],[0,0],[0,0],[0,0],[0,0],[0,0],[0,0],[0,0],[0,0],[0,0],[0,0]],"v":[[315.52,253.44],[328.85,253.44],[335.722,240.46],[351.773,240.46],[358.015,235.366],[365.149,235.366],[369.9,250.99],[391.65,253.8],[399.926,253.8],[404.28,253.8],[404.28,240.46],[407.79,253.09],[428.14,253.09]],"c":false}],"e":[{"i":[[0,0],[0,0],[0,0],[0,0],[0,0],[0,0],[0,0],[0,0],[0,0],[0,0],[0,0],[0,0],[0,0]],"o":[[0,0],[0,0],[0,0],[0,0],[0,0],[0,0],[0,0],[0,0],[0,0],[0,0],[0,0],[0,0],[0,0]],"v":[[315.52,253.44],[328.85,253.44],[335.722,240.46],[346.422,250.99],[351.773,253.09],[358.015,253.09],[369.9,250.99],[391.65,253.8],[397.251,240.46],[404.28,245.175],[404.28,240.46],[407.79,253.09],[428.14,253.09]],"c":false}]},{"i":{"x":[0.833],"y":[0.833]},"o":{"x":[0.167],"y":[0.167]},"t":44,"s":[{"i":[[0,0],[0,0],[0,0],[0,0],[0,0],[0,0],[0,0],[0,0],[0,0],[0,0],[0,0],[0,0],[0,0]],"o":[[0,0],[0,0],[0,0],[0,0],[0,0],[0,0],[0,0],[0,0],[0,0],[0,0],[0,0],[0,0],[0,0]],"v":[[315.52,253.44],[328.85,253.44],[335.722,240.46],[346.422,250.99],[351.773,253.09],[358.015,253.09],[369.9,250.99],[391.65,253.8],[397.251,240.46],[404.28,245.175],[404.28,240.46],[407.79,253.09],[428.14,253.09]],"c":false}],"e":[{"i":[[0,0],[0,0],[0,0],[0,0],[0,0],[0,0],[0,0],[0,0],[0,0],[0,0],[0,0],[0,0],[0,0]],"o":[[0,0],[0,0],[0,0],[0,0],[0,0],[0,0],[0,0],[0,0],[0,0],[0,0],[0,0],[0,0],[0,0]],"v":[[315.52,253.44],[328.85,253.44],[335.722,240.46],[346.422,250.99],[351.773,273.71],[358.015,253.09],[374.958,232.691],[391.65,253.8],[397.251,253.8],[397.251,253.8],[404.28,253.8],[407.79,253.09],[428.14,253.09]],"c":false}]},{"i":{"x":[0.833],"y":[0.833]},"o":{"x":[0.167],"y":[0.167]},"t":49,"s":[{"i":[[0,0],[0,0],[0,0],[0,0],[0,0],[0,0],[0,0],[0,0],[0,0],[0,0],[0,0],[0,0],[0,0]],"o":[[0,0],[0,0],[0,0],[0,0],[0,0],[0,0],[0,0],[0,0],[0,0],[0,0],[0,0],[0,0],[0,0]],"v":[[315.52,253.44],[328.85,253.44],[335.722,240.46],[346.422,250.99],[351.773,273.71],[358.015,253.09],[374.958,232.691],[391.65,253.8],[397.251,253.8],[397.251,253.8],[404.28,253.8],[407.79,253.09],[428.14,253.09]],"c":false}],"e":[{"i":[[0,0],[0,0],[0,0],[0,0],[0,0],[0,0],[0,0],[0,0],[0,0],[0,0],[0,0],[0,0],[0,0]],"o":[[0,0],[0,0],[0,0],[0,0],[0,0],[0,0],[0,0],[0,0],[0,0],[0,0],[0,0],[0,0],[0,0]],"v":[[315.52,253.44],[328.85,253.44],[335.722,240.46],[346.422,250.99],[351.773,273.71],[370.945,253.8],[375.85,253.09],[391.901,269.252],[397.251,253.8],[397.251,253.8],[404.28,253.8],[407.79,253.09],[428.14,253.09]],"c":false}]},{"i":{"x":[0.833],"y":[0.833]},"o":{"x":[0.167],"y":[0.167]},"t":55,"s":[{"i":[[0,0],[0,0],[0,0],[0,0],[0,0],[0,0],[0,0],[0,0],[0,0],[0,0],[0,0],[0,0],[0,0]],"o":[[0,0],[0,0],[0,0],[0,0],[0,0],[0,0],[0,0],[0,0],[0,0],[0,0],[0,0],[0,0],[0,0]],"v":[[315.52,253.44],[328.85,253.44],[335.722,240.46],[346.422,250.99],[351.773,273.71],[370.945,253.8],[375.85,253.09],[391.901,269.252],[397.251,253.8],[397.251,253.8],[404.28,253.8],[407.79,253.09],[428.14,253.09]],"c":false}],"e":[{"i":[[0,0],[0,0],[0,0],[0,0],[0,0],[0,0],[0,0],[0,0],[0,0],[0,0],[0,0],[0,0],[0,0]],"o":[[0,0],[0,0],[0,0],[0,0],[0,0],[0,0],[0,0],[0,0],[0,0],[0,0],[0,0],[0,0],[0,0]],"v":[[315.52,253.44],[328.85,253.44],[335.722,240.46],[346.422,250.99],[359.798,250.99],[370.945,253.8],[375.85,253.09],[391.901,240.46],[397.251,253.8],[397.251,253.8],[404.28,253.8],[407.79,253.09],[428.14,253.09]],"c":false}]},{"t":60}],"hd":false}},{"ty":"st","c":{"a":0,"k":[0,0.655,0.6,1]},"o":{"a":0,"k":100},"w":{"a":0,"k":2.807},"lc":2,"lj":2,"ml":4},{"ty":"tr","p":{"a":0,"k":[0,0]},"a":{"a":0,"k":[0,0]},"s":{"a":0,"k":[100,100]},"r":{"a":0,"k":0},"o":{"a":0,"k":100},"sk":{"a":0,"k":0},"sa":{"a":0,"k":0}}],"nm":"Object","hd":false}],"ln":"imagebot_22"},{"ind":25,"nm":"imagebot_23","ks":{"p":{"a":0,"k":[-159.984,30.557]},"a":{"a":0,"k":[-314.82,-212.74,0]},"s":{"a":0,"k":[112.142,112.142,100]},"r":{"a":0,"k":0},"o":{"a":0,"k":100}},"ao":0,"ip":0,"op":60,"st":0,"bm":0,"sr":1,"ty":4,"shapes":[{"ty":"gr","it":[{"d":1,"ty":"rc","s":{"a":0,"k":[114.73,70.171]},"p":{"a":0,"k":[57.365,35.086]},"r":{"a":0,"k":0}},{"ty":"st","c":{"a":0,"k":[0.282,0.282,0.282,1]},"o":{"a":0,"k":100},"w":{"a":0,"k":2.807},"lc":2,"lj":2,"ml":4},{"ty":"fl","c":{"a":0,"k":[0.859,1,0.988,1]},"hd":false,"o":{"a":0,"k":100},"r":1},{"ty":"tr","p":{"a":0,"k":[0,0]},"a":{"a":0,"k":[0,0]},"s":{"a":0,"k":[100,100]},"r":{"a":0,"k":0},"o":{"a":0,"k":100},"sk":{"a":0,"k":0},"sa":{"a":0,"k":0}}],"nm":"Object","hd":false}],"ln":"imagebot_23"},{"ind":24,"nm":"imagebot_24","ks":{"p":{"a":0,"k":[-192.309,-181.65]},"a":{"a":0,"k":[0,0,0]},"s":{"a":0,"k":[150.135,165.464,100]},"r":{"a":0,"k":0},"o":{"a":0,"k":100}},"ao":0,"ip":0,"op":60,"st":0,"bm":0,"sr":1,"ty":4,"shapes":[{"ty":"gr","it":[{"ty":"sh","d":1,"ks":{"a":0,"k":{"i":[[0,0],[3.73,0],[0,3.38],[-3.73,0],[0,-3.39]],"o":[[0,3.38],[-3.73,0],[0,-3.39],[3.73,0],[0,0]],"v":[[342.5,330.99],[335.75,337.11],[329,330.99],[335.75,324.86],[342.5,330.99]],"c":true},"hd":false}},{"ty":"st","c":{"a":0,"k":[0.282,0.282,0.282,1]},"o":{"a":0,"k":100},"w":{"a":0,"k":2},"lc":2,"lj":2,"ml":4},{"ty":"fl","c":{"a":0,"k":[1,0,0,1]},"hd":false,"o":{"a":0,"k":100},"r":1},{"ty":"tr","p":{"a":0,"k":[0,0]},"a":{"a":0,"k":[0,0]},"s":{"a":0,"k":[100,100]},"r":{"a":0,"k":0},"o":{"a":0,"k":100},"sk":{"a":0,"k":0},"sa":{"a":0,"k":0}}],"nm":"Object","hd":false}],"ln":"imagebot_24"},{"ind":23,"nm":"imagebot_25","ks":{"p":{"a":0,"k":[-299.335,-181.65]},"a":{"a":0,"k":[0,0,0]},"s":{"a":0,"k":[150.135,165.464,100]},"r":{"a":0,"k":0},"o":{"a":0,"k":100}},"ao":0,"ip":0,"op":60,"st":0,"bm":0,"sr":1,"ty":4,"shapes":[{"ty":"gr","it":[{"ty":"sh","d":1,"ks":{"a":0,"k":{"i":[[0,0],[3.73,0],[0,3.38],[-3.73,0],[0,-3.39]],"o":[[0,3.38],[-3.73,0],[0,-3.39],[3.73,0],[0,0]],"v":[[342.5,330.99],[335.75,337.11],[329,330.99],[335.75,324.86],[342.5,330.99]],"c":true},"hd":false}},{"ty":"st","c":{"a":0,"k":[0.282,0.282,0.282,1]},"o":{"a":0,"k":100},"w":{"a":0,"k":2},"lc":2,"lj":2,"ml":4},{"ty":"fl","c":{"a":0,"k":[1,0,0,1]},"hd":false,"o":{"a":0,"k":100},"r":1},{"ty":"tr","p":{"a":0,"k":[0,0]},"a":{"a":0,"k":[0,0]},"s":{"a":0,"k":[100,100]},"r":{"a":0,"k":0},"o":{"a":0,"k":100},"sk":{"a":0,"k":0},"sa":{"a":0,"k":0}}],"nm":"Object","hd":false}],"ln":"imagebot_25"},{"ind":22,"nm":"imagebot_26","ks":{"p":{"a":0,"k":[-159.984,30.557]},"a":{"a":0,"k":[-344.48,-302.06,0]},"s":{"a":0,"k":[112.142,112.142,100]},"r":{"a":0,"k":0},"o":{"a":0,"k":100}},"ao":0,"ip":0,"op":60,"st":0,"bm":0,"sr":1,"ty":4,"shapes":[{"ty":"gr","it":[{"d":1,"ty":"rc","s":{"a":0,"k":[57.149,6.976]},"p":{"a":0,"k":[28.575,3.488]},"r":{"a":0,"k":0}},{"ty":"st","c":{"a":0,"k":[0.282,0.282,0.282,1]},"o":{"a":0,"k":100},"w":{"a":0,"k":1.795},"lc":2,"lj":2,"ml":4},{"ty":"fl","c":{"a":0,"k":[0.282,0.282,0.282,1]},"hd":false,"o":{"a":0,"k":100},"r":1},{"ty":"tr","p":{"a":0,"k":[0,0]},"a":{"a":0,"k":[0,0]},"s":{"a":0,"k":[100,100]},"r":{"a":0,"k":0},"o":{"a":0,"k":100},"sk":{"a":0,"k":0},"sa":{"a":0,"k":0}}],"nm":"Object","hd":false}],"ln":"imagebot_26"},{"ind":21,"nm":"imagebot_27","ks":{"p":{"a":0,"k":[-159.984,30.557]},"a":{"a":0,"k":[-343.78,-288.73,0]},"s":{"a":0,"k":[112.142,112.142,100]},"r":{"a":0,"k":0},"o":{"a":0,"k":100}},"ao":0,"ip":0,"op":60,"st":0,"bm":0,"sr":1,"ty":4,"shapes":[{"ty":"gr","it":[{"d":1,"ty":"rc","s":{"a":0,"k":[57.149,6.976]},"p":{"a":0,"k":[28.575,3.488]},"r":{"a":0,"k":0}},{"ty":"st","c":{"a":0,"k":[0.282,0.282,0.282,1]},"o":{"a":0,"k":100},"w":{"a":0,"k":1.795},"lc":2,"lj":2,"ml":4},{"ty":"fl","c":{"a":0,"k":[0.282,0.282,0.282,1]},"hd":false,"o":{"a":0,"k":100},"r":1},{"ty":"tr","p":{"a":0,"k":[0,0]},"a":{"a":0,"k":[0,0]},"s":{"a":0,"k":[100,100]},"r":{"a":0,"k":0},"o":{"a":0,"k":100},"sk":{"a":0,"k":0},"sa":{"a":0,"k":0}}],"nm":"Object","hd":false}],"ln":"imagebot_27"},{"ind":20,"nm":"imagebot_28","ks":{"p":{"a":0,"k":[-159.984,-3.537]},"a":{"a":0,"k":[0,0,0]},"s":{"a":0,"k":[112.142,112.142,100]},"r":{"a":0,"k":0},"o":{"a":0,"k":35}},"ao":0,"ip":0,"op":60,"st":0,"bm":0,"sr":1,"ty":4,"shapes":[{"ty":"gr","it":[{"ty":"sh","d":1,"ks":{"a":0,"k":{"i":[[0,0],[-7.9,8.67],[6.87,17.419]],"o":[[10.23,6.983],[-2.01,11.642],[0,0]],"v":[[355.87,38.809],[383.32,38.019],[355.87,38.809]],"c":true},"hd":false}},{"ty":"fl","c":{"a":0,"k":[0,0,0,1]},"hd":false,"o":{"a":0,"k":100},"r":1},{"ty":"tr","p":{"a":0,"k":[0,0]},"a":{"a":0,"k":[0,0]},"s":{"a":0,"k":[100,100]},"r":{"a":0,"k":0},"o":{"a":0,"k":100},"sk":{"a":0,"k":0},"sa":{"a":0,"k":0}}],"nm":"Object","hd":false}],"ln":"imagebot_28"},{"ind":19,"nm":"imagebot_29","ks":{"p":{"a":0,"k":[-159.984,-3.537]},"a":{"a":0,"k":[0,0,0]},"s":{"a":0,"k":[112.142,112.142,100]},"r":{"a":0,"k":0},"o":{"a":0,"k":62.981}},"ao":0,"ip":0,"op":60,"st":0,"bm":0,"sr":1,"ty":4,"shapes":[{"ty":"gr","it":[{"ty":"sh","d":1,"ks":{"a":0,"k":{"i":[[0,0],[-8.08,-3.885],[8.49,-11.772]],"o":[[7.08,-4.27],[-6.98,-8.268],[0,0]],"v":[[358.2,27.64],[381.01,27.679],[358.2,27.64]],"c":true},"hd":false}},{"ty":"fl","c":{"a":0,"k":[1,1,1,1]},"hd":false,"o":{"a":0,"k":100},"r":1},{"ty":"tr","p":{"a":0,"k":[0,0]},"a":{"a":0,"k":[0,0]},"s":{"a":0,"k":[100,100]},"r":{"a":0,"k":0},"o":{"a":0,"k":100},"sk":{"a":0,"k":0},"sa":{"a":0,"k":0}}],"nm":"Object","hd":false}],"ln":"imagebot_29"},{"ind":18,"nm":"Layer 18","ks":{"p":{"a":1,"k":[{"t":0,"s":[257.088,108.844,0],"to":[0,0,0],"ti":[0,0,0],"i":{"x":[0.833],"y":[0.833]},"o":{"x":[0.167],"y":[0.167]},"e":[257.088,104.844,0]},{"t":5,"s":[257.088,104.844,0],"to":[0,0,0],"ti":[0,0,0],"i":{"x":[0.833],"y":[0.833]},"o":{"x":[0.167],"y":[0.167]},"e":[254.486,109.452,0]},{"t":11,"s":[254.486,109.452,0],"to":[0,0,0],"ti":[0,0,0],"i":{"x":[0.833],"y":[0.833]},"o":{"x":[0.167],"y":[0.167]},"e":[254.486,106.323,0]},{"t":17,"s":[254.486,106.323,0],"to":[0,0,0],"ti":[0,0,0],"i":{"x":[0.833],"y":[0.833]},"o":{"x":[0.167],"y":[0.167]},"e":[254.486,109.452,0]},{"t":25,"s":[254.486,109.452,0],"to":[0,0,0],"ti":[0,0,0],"i":{"x":[0.833],"y":[0.833]},"o":{"x":[0.167],"y":[0.167]},"e":[254.486,106.323,0]},{"t":33,"s":[254.486,106.323,0],"to":[0,0,0],"ti":[0,0,0],"i":{"x":[0.833],"y":[0.833]},"o":{"x":[0.167],"y":[0.167]},"e":[254.486,109.452,0]},{"t":37,"s":[254.486,109.452,0],"to":[0,0,0],"ti":[0,0,0],"i":{"x":[0.833],"y":[0.833]},"o":{"x":[0.167],"y":[0.167]},"e":[254.486,101.452,0]},{"t":42,"s":[254.486,101.452,0],"to":[0,0,0],"ti":[0,0,0],"i":{"x":[0.833],"y":[0.833]},"o":{"x":[0.167],"y":[0.167]},"e":[254.486,109.452,0]},{"t":45,"s":[254.486,109.452,0],"to":[0,0,0],"ti":[0,0,0],"i":{"x":[0.833],"y":[0.833]},"o":{"x":[0.167],"y":[0.167]},"e":[254.486,106.323,0]},{"t":52,"s":[254.486,106.323,0],"to":[0,0,0],"ti":[0,0,0],"i":{"x":[0.833],"y":[0.833]},"o":{"x":[0.167],"y":[0.167]},"e":[254.486,109.452,0]},{"t":57,"s":[254.486,109.452,0],"to":[0,0,0],"ti":[0,0,0],"i":{"x":[0.833],"y":[0.833]},"o":{"x":[0.167],"y":[0.167]},"e":[254.486,106.323,0]},{"t":60,"s":[254.486,106.323,0]}]},"a":{"a":0,"k":[94.934,92.682,0]},"s":{"a":0,"k":[100,100,100]},"r":{"a":0,"k":0},"o":{"a":0,"k":100}},"ao":0,"ip":0,"op":60,"st":0,"bm":0,"sr":1,"ty":4,"shapes":[{"ty":"gr","it":[{"ty":"sh","d":1,"ks":{"a":0,"k":{"i":[[0,0],[6.15,0],[0,6.55],[-6.15,0],[0,-6.54]],"o":[[0,6.55],[-6.15,0],[0,-6.54],[6.15,0],[0,0]],"v":[[244.31,194.46],[233.17,206.31],[222.03,194.46],[233.17,182.62],[244.31,194.46]],"c":true},"hd":false}},{"ty":"st","c":{"a":0,"k":[0,0.02,0.302,1]},"o":{"a":0,"k":100},"w":{"a":0,"k":2},"lc":1,"lj":1,"ml":4},{"ty":"fl","c":{"a":0,"k":[0.376,0.29,1,1]},"hd":false,"o":{"a":0,"k":100},"r":1},{"ty":"tr","p":{"a":0,"k":[-274.61,-287.413]},"a":{"a":0,"k":[0,0]},"s":{"a":0,"k":[157.383,157.383]},"r":{"a":0,"k":0},"o":{"a":0,"k":100},"sk":{"a":0,"k":0},"sa":{"a":0,"k":0}}],"nm":"imagebot_30","ln":"imagebot_30","hd":false},{"ty":"gr","it":[{"ty":"sh","d":1,"ks":{"a":0,"k":{"i":[[0,0],[0,0],[0,0],[0,0],[0,0]],"o":[[0,0],[0,0],[0,0],[0,0],[0,0]],"v":[[365.89,45.844],[372.34,45.844],[381.27,89.012],[356.46,89.012],[365.89,45.844]],"c":true},"hd":false}},{"ty":"st","c":{"a":0,"k":[0.282,0.282,0.282,1]},"o":{"a":0,"k":100},"w":{"a":0,"k":2.807},"lc":1,"lj":1,"ml":4},{"ty":"fl","c":{"a":0,"k":[0.643,0.643,0.643,1]},"hd":false,"o":{"a":0,"k":100},"r":1},{"ty":"tr","p":{"a":0,"k":[-322.138,-19.698]},"a":{"a":0,"k":[0,0]},"s":{"a":0,"k":[112.142,112.142]},"r":{"a":0,"k":0},"o":{"a":0,"k":100},"sk":{"a":0,"k":0},"sa":{"a":0,"k":0}}],"nm":"imagebot_31","ln":"imagebot_31","hd":false},{"ty":"gr","it":[{"ty":"gr","it":[{"ty":"sh","d":1,"ks":{"a":0,"k":{"i":[[0,0],[0,0],[0,0],[0,0],[0,0]],"o":[[0,0],[0,0],[0,0],[0,0],[0,0]],"v":[[290.04,136.08],[291.46,93.194],[365.54,92.131],[297.84,98.51],[290.04,136.08]],"c":true},"hd":false}},{"ty":"fl","c":{"a":0,"k":[0.898,0.898,0.898,1]},"hd":false,"o":{"a":0,"k":100},"r":1},{"ty":"tr","p":{"a":0,"k":[-322.138,-99.797]},"a":{"a":0,"k":[0,0]},"s":{"a":0,"k":[112.142,112.142]},"r":{"a":0,"k":0},"o":{"a":0,"k":100},"sk":{"a":0,"k":0},"sa":{"a":0,"k":0}}],"nm":"imagebot_34","ln":"imagebot_34","hd":false},{"ty":"gr","it":[{"ty":"sh","d":1,"ks":{"a":0,"k":{"i":[[0,0],[3.42,0],[0,2.79],[-3.41,0],[0,-2.79]],"o":[[0,2.79],[-3.41,0],[0,-2.79],[3.42,0],[0,0]],"v":[[349.26,252.07],[343.07,257.12],[336.89,252.07],[343.07,247.02],[349.26,252.07]],"c":true},"hd":false}},{"ty":"fl","c":{"a":0,"k":[0,0,0,1]},"hd":false,"o":{"a":0,"k":100},"r":1},{"ty":"tr","p":{"a":0,"k":[-651.829,-657.301]},"a":{"a":0,"k":[0,0]},"s":{"a":0,"k":[225.329,276.026]},"r":{"a":0,"k":0},"o":{"a":0,"k":100},"sk":{"a":0,"k":0},"sa":{"a":0,"k":0}}],"nm":"imagebot_35","ln":"imagebot_35","hd":false},{"ty":"gr","it":[{"ty":"sh","d":1,"ks":{"a":0,"k":{"i":[[0,0],[3.42,0],[0,2.79],[-3.41,0],[0,-2.79]],"o":[[0,2.79],[-3.41,0],[0,-2.79],[3.42,0],[0,0]],"v":[[349.26,252.07],[343.07,257.12],[336.89,252.07],[343.07,247.02],[349.26,252.07]],"c":true},"hd":false}},{"ty":"fl","c":{"a":0,"k":[0,0,0,1]},"hd":false,"o":{"a":0,"k":100},"r":1},{"ty":"tr","p":{"a":0,"k":[-706.844,-659.031]},"a":{"a":0,"k":[0,0]},"s":{"a":0,"k":[225.329,276.026]},"r":{"a":0,"k":0},"o":{"a":0,"k":100},"sk":{"a":0,"k":0},"sa":{"a":0,"k":0}}],"nm":"imagebot_36","ln":"imagebot_36","hd":false},{"ty":"gr","it":[{"ty":"sh","d":1,"ks":{"a":0,"k":{"i":[[0,0],[6,0],[0,6.42],[-5.99,0],[0,-6.42]],"o":[[0,6.42],[-5.99,0],[0,-6.42],[6,0],[0,0]],"v":[[353.55,256.11],[342.69,267.73],[331.84,256.11],[342.69,244.49],[353.55,256.11]],"c":true},"hd":false}},{"ty":"st","c":{"a":0,"k":[0.282,0.282,0.282,1]},"o":{"a":0,"k":100},"w":{"a":0,"k":1},"lc":1,"lj":1,"ml":4},{"ty":"fl","c":{"a":0,"k":[1,1,1,1]},"hd":false,"o":{"a":0,"k":100},"r":1},{"ty":"tr","p":{"a":0,"k":[-571.016,-455.61]},"a":{"a":0,"k":[0,0]},"s":{"a":0,"k":[203.863,190.567]},"r":{"a":0,"k":0},"o":{"a":0,"k":100},"sk":{"a":0,"k":0},"sa":{"a":0,"k":0}}],"nm":"imagebot_37","ln":"imagebot_37","hd":false},{"ty":"gr","it":[{"ty":"sh","d":1,"ks":{"a":0,"k":{"i":[[0,0],[6,0],[0,6.42],[-5.99,0],[0,-6.42]],"o":[[0,6.42],[-5.99,0],[0,-6.42],[6,0],[0,0]],"v":[[353.55,256.11],[342.69,267.73],[331.84,256.11],[342.69,244.49],[353.55,256.11]],"c":true},"hd":false}},{"ty":"st","c":{"a":0,"k":[0.282,0.282,0.282,1]},"o":{"a":0,"k":100},"w":{"a":0,"k":1},"lc":1,"lj":1,"ml":4},{"ty":"fl","c":{"a":0,"k":[1,1,1,1]},"hd":false,"o":{"a":0,"k":100},"r":1},{"ty":"tr","p":{"a":0,"k":[-637.396,-454.41]},"a":{"a":0,"k":[0,0]},"s":{"a":0,"k":[203.863,190.567]},"r":{"a":0,"k":0},"o":{"a":0,"k":100},"sk":{"a":0,"k":0},"sa":{"a":0,"k":0}}],"nm":"imagebot_38","ln":"imagebot_38","hd":false},{"ty":"gr","it":[{"ty":"sh","d":1,"ks":{"a":0,"k":{"i":[[0,0],[0,0],[0,0],[0,0],[10.45,30.831]],"o":[[0,0],[0,0],[0,0],[6.55,-30.83],[0,0]],"v":[[432.52,90.359],[455.2,90.359],[455.2,182.86],[432.52,182.86],[432.52,90.359]],"c":true},"hd":false}},{"ty":"fl","c":{"a":0,"k":[0,0,0,1]},"hd":false,"o":{"a":0,"k":100},"r":1},{"ty":"tr","p":{"a":0,"k":[-322.138,-99.797]},"a":{"a":0,"k":[0,0]},"s":{"a":0,"k":[112.142,112.142]},"r":{"a":0,"k":0},"o":{"a":0,"k":32.846},"sk":{"a":0,"k":0},"sa":{"a":0,"k":0}}],"nm":"imagebot_40","ln":"imagebot_40","hd":false},{"ty":"gr","it":[{"d":1,"ty":"rc","s":{"a":0,"k":[169.31,87.084]},"p":{"a":0,"k":[84.655,43.542]},"r":{"a":0,"k":0}},{"ty":"st","c":{"a":0,"k":[0.282,0.282,0.282,1]},"o":{"a":0,"k":100},"w":{"a":0,"k":2.807},"lc":2,"lj":2,"ml":4},{"ty":"fl","c":{"a":0,"k":[0.643,0.643,0.643,1]},"hd":false,"o":{"a":0,"k":100},"r":1},{"ty":"tr","p":{"a":0,"k":[-322.138,-99.797]},"a":{"a":0,"k":[-287.26,-88.992]},"s":{"a":0,"k":[112.142,112.142]},"r":{"a":0,"k":0},"o":{"a":0,"k":100},"sk":{"a":0,"k":0},"sa":{"a":0,"k":0}}],"nm":"imagebot_41","ln":"imagebot_41","hd":false},{"ty":"tr","p":{"a":0,"k":[94.933,132.731]},"a":{"a":0,"k":[94.934,52.633]},"s":{"a":0,"k":[100,100]},"r":{"a":0,"k":0},"o":{"a":0,"k":100},"sk":{"a":0,"k":0},"sa":{"a":0,"k":0}}],"nm":"Object","hd":false}]},{"ind":17,"nm":"imagebot_32","ks":{"p":{"a":0,"k":[-159.984,30.557]},"a":{"a":0,"k":[0,0,0]},"s":{"a":0,"k":[112.142,112.142,100]},"r":{"a":0,"k":0},"o":{"a":0,"k":100}},"ao":0,"ip":0,"op":60,"st":0,"bm":0,"sr":1,"ty":4,"shapes":[{"ty":"gr","it":[{"ty":"sh","d":1,"ks":{"a":0,"k":{"i":[[0,0],[0,0],[0,0],[0,0],[0,0]],"o":[[0,0],[0,0],[0,0],[0,0],[0,0]],"v":[[282.63,150.21],[282.76,184.2],[344.7,184.26],[288.37,178.92],[282.63,150.21]],"c":true},"hd":false}},{"ty":"fl","c":{"a":0,"k":[0.898,0.898,0.898,1]},"hd":false,"o":{"a":0,"k":100},"r":1},{"ty":"tr","p":{"a":0,"k":[0,0]},"a":{"a":0,"k":[0,0]},"s":{"a":0,"k":[100,100]},"r":{"a":0,"k":0},"o":{"a":0,"k":100},"sk":{"a":0,"k":0},"sa":{"a":0,"k":0}}],"nm":"Object","hd":false}],"ln":"imagebot_32"},{"ind":16,"nm":"imagebot_33","ks":{"p":{"a":0,"k":[-159.984,30.557]},"a":{"a":0,"k":[0,0,0]},"s":{"a":0,"k":[112.142,112.142,100]},"r":{"a":0,"k":0},"o":{"a":0,"k":32.846}},"ao":0,"ip":0,"op":60,"st":0,"bm":0,"sr":1,"ty":4,"shapes":[{"ty":"gr","it":[{"ty":"sh","d":1,"ks":{"a":0,"k":{"i":[[0,0],[0,0],[0,0],[0,0],[4.9,13.17],[0,0]],"o":[[0,0],[0,0],[0,0],[2.95,-9.24],[0,0],[0,0]],"v":[[442.44,140.69],[463.71,140.6],[463.71,185.25],[429.68,185.25],[429.51,153],[442.44,140.69]],"c":true},"hd":false}},{"ty":"fl","c":{"a":0,"k":[0,0,0,1]},"hd":false,"o":{"a":0,"k":100},"r":1},{"ty":"tr","p":{"a":0,"k":[0,0]},"a":{"a":0,"k":[0,0]},"s":{"a":0,"k":[100,100]},"r":{"a":0,"k":0},"o":{"a":0,"k":100},"sk":{"a":0,"k":0},"sa":{"a":0,"k":0}}],"nm":"Object","hd":false}],"ln":"imagebot_33"},{"ind":15,"nm":"imagebot_39","ks":{"p":{"a":0,"k":[-159.984,30.557]},"a":{"a":0,"k":[0,0,0]},"s":{"a":0,"k":[112.142,112.142,100]},"r":{"a":0,"k":0},"o":{"a":0,"k":100}},"ao":0,"ip":0,"op":60,"st":0,"bm":0,"sr":1,"ty":4,"shapes":[{"ty":"gr","it":[{"ty":"sh","d":1,"ks":{"a":0,"k":{"i":[[0,0],[0,0],[0,0],[0,0],[0,0],[0,0],[0,0],[0,0],[0,0]],"o":[[0,0],[0,0],[0,0],[0,0],[0,0],[0,0],[0,0],[0,0],[0,0]],"v":[[279.81,139.31],[302.97,139.31],[324.65,162.31],[417.29,162.31],[441.93,139.31],[465.09,139.31],[465.09,186.72],[279.81,186.72],[279.81,139.31]],"c":true},"hd":false}},{"ty":"st","c":{"a":0,"k":[0.282,0.282,0.282,1]},"o":{"a":0,"k":100},"w":{"a":0,"k":2.807},"lc":2,"lj":2,"ml":4},{"ty":"fl","c":{"a":0,"k":[0.643,0.643,0.643,1]},"hd":false,"o":{"a":0,"k":100},"r":1},{"ty":"tr","p":{"a":0,"k":[0,0]},"a":{"a":0,"k":[0,0]},"s":{"a":0,"k":[100,100]},"r":{"a":0,"k":0},"o":{"a":0,"k":100},"sk":{"a":0,"k":0},"sa":{"a":0,"k":0}}],"nm":"Object","hd":false}],"ln":"imagebot_39"},{"ind":14,"nm":"imagebot_42","ks":{"p":{"a":0,"k":[-159.984,0.252]},"a":{"a":0,"k":[-272.01,-143.1,0]},"s":{"a":0,"k":[112.142,112.142,100]},"r":{"a":0,"k":0},"o":{"a":0,"k":35}},"ao":0,"ip":0,"op":60,"st":0,"bm":0,"sr":1,"ty":4,"shapes":[{"ty":"gr","it":[{"d":1,"ty":"rc","s":{"a":0,"k":[21.928,9.122]},"p":{"a":0,"k":[10.964,4.561]},"r":{"a":0,"k":0}},{"ty":"fl","c":{"a":0,"k":[0,0,0,1]},"hd":false,"o":{"a":0,"k":100},"r":1},{"ty":"tr","p":{"a":0,"k":[0,0]},"a":{"a":0,"k":[0,0]},"s":{"a":0,"k":[100,100]},"r":{"a":0,"k":0},"o":{"a":0,"k":100},"sk":{"a":0,"k":0},"sa":{"a":0,"k":0}}],"nm":"Object","hd":false}],"ln":"imagebot_42"},{"ind":13,"nm":"imagebot_43","ks":{"p":{"a":0,"k":[-159.984,-3.537]},"a":{"a":0,"k":[-271.66,-115.03,0]},"s":{"a":0,"k":[112.142,112.142,100]},"r":{"a":0,"k":0},"o":{"a":0,"k":100}},"ao":0,"ip":0,"op":60,"st":0,"bm":0,"sr":1,"ty":4,"shapes":[{"ty":"gr","it":[{"d":1,"ty":"rc","s":{"a":0,"k":[21.928,9.122]},"p":{"a":0,"k":[10.964,4.561]},"r":{"a":0,"k":0}},{"ty":"fl","c":{"a":0,"k":[0.89,0.89,0.89,1]},"hd":false,"o":{"a":0,"k":100},"r":1},{"ty":"tr","p":{"a":0,"k":[0,0]},"a":{"a":0,"k":[0,0]},"s":{"a":0,"k":[100,100]},"r":{"a":0,"k":0},"o":{"a":0,"k":100},"sk":{"a":0,"k":0},"sa":{"a":0,"k":0}}],"nm":"Object","hd":false}],"ln":"imagebot_43"},{"ind":12,"nm":"imagebot_44","ks":{"p":{"a":0,"k":[-159.984,-3.537]},"a":{"a":0,"k":[-270.55,-113.75,0]},"s":{"a":0,"k":[112.142,112.142,100]},"r":{"a":0,"k":0},"o":{"a":0,"k":100}},"ao":0,"ip":0,"op":60,"st":0,"bm":0,"sr":1,"ty":4,"shapes":[{"ty":"gr","it":[{"d":1,"ty":"rc","s":{"a":0,"k":[18.075,39.695]},"p":{"a":0,"k":[9.038,19.848]},"r":{"a":0,"k":0}},{"ty":"st","c":{"a":0,"k":[0.282,0.282,0.282,1]},"o":{"a":0,"k":100},"w":{"a":0,"k":2.807},"lc":2,"lj":2,"ml":4},{"ty":"fl","c":{"a":0,"k":[0.643,0.643,0.643,1]},"hd":false,"o":{"a":0,"k":100},"r":1},{"ty":"tr","p":{"a":0,"k":[0,0]},"a":{"a":0,"k":[0,0]},"s":{"a":0,"k":[100,100]},"r":{"a":0,"k":0},"o":{"a":0,"k":100},"sk":{"a":0,"k":0},"sa":{"a":0,"k":0}}],"nm":"Object","hd":false}],"ln":"imagebot_44"},{"ind":11,"nm":"imagebot_45","ks":{"p":{"a":0,"k":[-159.984,30.557]},"a":{"a":0,"k":[-307.52,-204.38,0]},"s":{"a":0,"k":[112.142,112.142,100]},"r":{"a":0,"k":0},"o":{"a":0,"k":100}},"ao":0,"ip":0,"op":60,"st":0,"bm":0,"sr":1,"ty":4,"shapes":[{"ty":"gr","it":[{"d":1,"ty":"rc","s":{"a":0,"k":[129.86,115.1]},"p":{"a":0,"k":[64.93,57.55]},"r":{"a":0,"k":0}},{"ty":"st","c":{"a":0,"k":[0.282,0.282,0.282,1]},"o":{"a":0,"k":100},"w":{"a":0,"k":2.807},"lc":2,"lj":2,"ml":4},{"ty":"fl","c":{"a":0,"k":[0.643,0.643,0.643,1]},"hd":false,"o":{"a":0,"k":100},"r":1},{"ty":"tr","p":{"a":0,"k":[0,0]},"a":{"a":0,"k":[0,0]},"s":{"a":0,"k":[100,100]},"r":{"a":0,"k":0},"o":{"a":0,"k":100},"sk":{"a":0,"k":0},"sa":{"a":0,"k":0}}],"nm":"Object","hd":false}],"ln":"imagebot_45"},{"ind":10,"nm":"imagebot_46","ks":{"p":{"a":0,"k":[-159.984,30.557]},"a":{"a":0,"k":[-344.33,-195.33,0]},"s":{"a":0,"k":[112.142,112.142,100]},"r":{"a":0,"k":0},"o":{"a":0,"k":100}},"ao":0,"ip":0,"op":60,"st":0,"bm":0,"sr":1,"ty":4,"shapes":[{"ty":"gr","it":[{"d":1,"ty":"rc","s":{"a":0,"k":[59.829,19.145]},"p":{"a":0,"k":[29.915,9.573]},"r":{"a":0,"k":0}},{"ty":"st","c":{"a":0,"k":[0.282,0.282,0.282,1]},"o":{"a":0,"k":100},"w":{"a":0,"k":2.807},"lc":2,"lj":2,"ml":4},{"ty":"fl","c":{"a":0,"k":[0.643,0.643,0.643,1]},"hd":false,"o":{"a":0,"k":100},"r":1},{"ty":"tr","p":{"a":0,"k":[0,0]},"a":{"a":0,"k":[0,0]},"s":{"a":0,"k":[100,100]},"r":{"a":0,"k":0},"o":{"a":0,"k":100},"sk":{"a":0,"k":0},"sa":{"a":0,"k":0}}],"nm":"Object","hd":false}],"ln":"imagebot_46"},{"ind":9,"nm":"imagebot_47","ks":{"p":{"a":0,"k":[-159.984,30.557]},"a":{"a":0,"k":[-348.47,-175.97,0]},"s":{"a":0,"k":[112.142,112.142,100]},"r":{"a":0,"k":0},"o":{"a":0,"k":100}},"ao":0,"ip":0,"op":60,"st":0,"bm":0,"sr":1,"ty":4,"shapes":[{"ty":"gr","it":[{"d":1,"ty":"rc","s":{"a":0,"k":[51.2,19.288]},"p":{"a":0,"k":[25.6,9.644]},"r":{"a":0,"k":0}},{"ty":"st","c":{"a":0,"k":[0.282,0.282,0.282,1]},"o":{"a":0,"k":100},"w":{"a":0,"k":2.807},"lc":2,"lj":2,"ml":4},{"ty":"fl","c":{"a":0,"k":[0.643,0.643,0.643,1]},"hd":false,"o":{"a":0,"k":100},"r":1},{"ty":"tr","p":{"a":0,"k":[0,0]},"a":{"a":0,"k":[0,0]},"s":{"a":0,"k":[100,100]},"r":{"a":0,"k":0},"o":{"a":0,"k":100},"sk":{"a":0,"k":0},"sa":{"a":0,"k":0}}],"nm":"Object","hd":false}],"ln":"imagebot_47"},{"ind":8,"nm":"imagebot_48","ks":{"p":{"a":0,"k":[-159.984,0.252]},"a":{"a":0,"k":[-450.55,-142.92,0]},"s":{"a":0,"k":[112.142,112.142,100]},"r":{"a":0,"k":0},"o":{"a":0,"k":35}},"ao":0,"ip":0,"op":60,"st":0,"bm":0,"sr":1,"ty":4,"shapes":[{"ty":"gr","it":[{"d":1,"ty":"rc","s":{"a":0,"k":[21.928,9.122]},"p":{"a":0,"k":[10.964,4.561]},"r":{"a":0,"k":0}},{"ty":"fl","c":{"a":0,"k":[0,0,0,1]},"hd":false,"o":{"a":0,"k":100},"r":1},{"ty":"tr","p":{"a":0,"k":[0,0]},"a":{"a":0,"k":[0,0]},"s":{"a":0,"k":[100,100]},"r":{"a":0,"k":0},"o":{"a":0,"k":100},"sk":{"a":0,"k":0},"sa":{"a":0,"k":0}}],"nm":"Object","hd":false}],"ln":"imagebot_48"},{"ind":7,"nm":"imagebot_49","ks":{"p":{"a":0,"k":[-159.984,-3.537]},"a":{"a":0,"k":[-450.62,-115.16,0]},"s":{"a":0,"k":[112.142,112.142,100]},"r":{"a":0,"k":0},"o":{"a":0,"k":100}},"ao":0,"ip":0,"op":60,"st":0,"bm":0,"sr":1,"ty":4,"shapes":[{"ty":"gr","it":[{"d":1,"ty":"rc","s":{"a":0,"k":[21.928,9.122]},"p":{"a":0,"k":[10.964,4.561]},"r":{"a":0,"k":0}},{"ty":"fl","c":{"a":0,"k":[0.89,0.89,0.89,1]},"hd":false,"o":{"a":0,"k":100},"r":1},{"ty":"tr","p":{"a":0,"k":[0,0]},"a":{"a":0,"k":[0,0]},"s":{"a":0,"k":[100,100]},"r":{"a":0,"k":0},"o":{"a":0,"k":100},"sk":{"a":0,"k":0},"sa":{"a":0,"k":0}}],"nm":"Object","hd":false}],"ln":"imagebot_49"},{"ind":6,"nm":"imagebot_50","ks":{"p":{"a":0,"k":[-159.984,-3.537]},"a":{"a":0,"k":[-455.8,-113.75,0]},"s":{"a":0,"k":[112.142,112.142,100]},"r":{"a":0,"k":0},"o":{"a":0,"k":100}},"ao":0,"ip":0,"op":60,"st":0,"bm":0,"sr":1,"ty":4,"shapes":[{"ty":"gr","it":[{"d":1,"ty":"rc","s":{"a":0,"k":[18.075,39.695]},"p":{"a":0,"k":[9.038,19.848]},"r":{"a":0,"k":0}},{"ty":"st","c":{"a":0,"k":[0.282,0.282,0.282,1]},"o":{"a":0,"k":100},"w":{"a":0,"k":2.807},"lc":2,"lj":2,"ml":4},{"ty":"fl","c":{"a":0,"k":[0.643,0.643,0.643,1]},"hd":false,"o":{"a":0,"k":100},"r":1},{"ty":"tr","p":{"a":0,"k":[0,0]},"a":{"a":0,"k":[0,0]},"s":{"a":0,"k":[100,100]},"r":{"a":0,"k":0},"o":{"a":0,"k":100},"sk":{"a":0,"k":0},"sa":{"a":0,"k":0}}],"nm":"Object","hd":false}],"ln":"imagebot_50"},{"ind":5,"nm":"imagebot_51","ks":{"p":{"a":0,"k":[838.647,-239.949]},"a":{"a":0,"k":[0,0,0]},"s":{"a":0,"k":[-157.383,157.383,100]},"r":{"a":0,"k":0},"o":{"a":0,"k":100}},"ao":0,"ip":0,"op":60,"st":0,"bm":0,"sr":1,"ty":4,"shapes":[{"ty":"gr","it":[{"ty":"sh","d":1,"ks":{"a":0,"k":{"i":[[0,0],[-17.25,1.45],[5.54,-10.75]],"o":[[7.08,-6.01],[-12.87,-2.17],[0,0]],"v":[[306.28,456.85],[337.77,444.71],[306.28,456.85]],"c":true},"hd":false}},{"ty":"fl","c":{"a":0,"k":[1,1,1,1]},"hd":false,"o":{"a":0,"k":100},"r":1},{"ty":"tr","p":{"a":0,"k":[0,0]},"a":{"a":0,"k":[0,0]},"s":{"a":0,"k":[100,100]},"r":{"a":0,"k":0},"o":{"a":0,"k":62.981},"sk":{"a":0,"k":0},"sa":{"a":0,"k":0}}],"nm":"imagebot_52","ln":"imagebot_52","hd":false},{"ty":"gr","it":[{"ty":"sh","d":1,"ks":{"a":0,"k":{"i":[[0,0],[1.24,1.36],[-18.13,0],[-6.01,-3.09],[0,-5.85]],"o":[[-3.85,0.32],[0,-13.57],[10.31,0],[1.01,1.85],[0,0]],"v":[[363.1,466.7],[300.17,466.35],[332.99,441.78],[362.01,446.65],[363.1,466.7]],"c":true},"hd":false}},{"ty":"st","c":{"a":0,"k":[0.282,0.282,0.282,1]},"o":{"a":0,"k":100},"w":{"a":0,"k":2},"lc":2,"lj":2,"ml":4},{"ty":"tr","p":{"a":0,"k":[0,0]},"a":{"a":0,"k":[0,0]},"s":{"a":0,"k":[100,100]},"r":{"a":0,"k":0},"o":{"a":0,"k":100},"sk":{"a":0,"k":0},"sa":{"a":0,"k":0}}],"nm":"imagebot_53","ln":"imagebot_53","hd":false},{"ty":"gr","it":[{"ty":"sh","d":1,"ks":{"a":0,"k":{"i":[[0,0],[6.45,22.82],[0,0],[0,0],[0,0],[0,0]],"o":[[31.85,-1.12],[0,0],[0,0],[0,0],[0,0],[0,0]],"v":[[300.34,463.87],[356.38,444.78],[362.57,446.9],[363.1,467.05],[300.52,466.88],[300.34,463.87]],"c":true},"hd":false}},{"ty":"fl","c":{"a":0,"k":[0.502,0.502,0.502,1]},"hd":false,"o":{"a":0,"k":100},"r":1},{"ty":"tr","p":{"a":0,"k":[0,0]},"a":{"a":0,"k":[0,0]},"s":{"a":0,"k":[100,100]},"r":{"a":0,"k":0},"o":{"a":0,"k":100},"sk":{"a":0,"k":0},"sa":{"a":0,"k":0}}],"nm":"imagebot_54","ln":"imagebot_54","hd":false},{"ty":"gr","it":[{"ty":"sh","d":1,"ks":{"a":0,"k":{"i":[[0,0],[1.24,1.36],[-18.13,0],[-6.01,-3.09],[0,-5.85]],"o":[[-3.85,0.32],[0,-13.57],[10.31,0],[1.01,1.85],[0,0]],"v":[[363.1,466.7],[300.17,466.35],[332.99,441.78],[362.01,446.65],[363.1,466.7]],"c":true},"hd":false}},{"ty":"st","c":{"a":0,"k":[0.282,0.282,0.282,1]},"o":{"a":0,"k":100},"w":{"a":0,"k":2},"lc":2,"lj":2,"ml":4},{"ty":"fl","c":{"a":0,"k":[0.643,0.643,0.643,1]},"hd":false,"o":{"a":0,"k":100},"r":1},{"ty":"tr","p":{"a":0,"k":[0,0]},"a":{"a":0,"k":[0,0]},"s":{"a":0,"k":[100,100]},"r":{"a":0,"k":0},"o":{"a":0,"k":100},"sk":{"a":0,"k":0},"sa":{"a":0,"k":0}}],"nm":"imagebot_55","ln":"imagebot_55","hd":false},{"ty":"gr","it":[{"d":1,"ty":"rc","s":{"a":0,"k":[36.77,12.728]},"p":{"a":0,"k":[18.385,6.364]},"r":{"a":0,"k":0}},{"ty":"st","c":{"a":0,"k":[0.282,0.282,0.282,1]},"o":{"a":0,"k":100},"w":{"a":0,"k":2},"lc":2,"lj":2,"ml":4},{"ty":"tr","p":{"a":0,"k":[0,0]},"a":{"a":0,"k":[-325.62,-399.47]},"s":{"a":0,"k":[100,100]},"r":{"a":0,"k":0},"o":{"a":0,"k":100},"sk":{"a":0,"k":0},"sa":{"a":0,"k":0}}],"nm":"imagebot_56","ln":"imagebot_56","hd":false},{"ty":"gr","it":[{"d":1,"ty":"rc","s":{"a":0,"k":[36.77,12.228]},"p":{"a":0,"k":[18.385,6.114]},"r":{"a":0,"k":0}},{"ty":"st","c":{"a":0,"k":[0.282,0.282,0.282,1]},"o":{"a":0,"k":100},"w":{"a":0,"k":2},"lc":2,"lj":2,"ml":4},{"ty":"tr","p":{"a":0,"k":[0,0]},"a":{"a":0,"k":[-325.98,-412.34]},"s":{"a":0,"k":[100,100]},"r":{"a":0,"k":0},"o":{"a":0,"k":100},"sk":{"a":0,"k":0},"sa":{"a":0,"k":0}}],"nm":"imagebot_57","ln":"imagebot_57","hd":false},{"ty":"gr","it":[{"d":1,"ty":"rc","s":{"a":0,"k":[36.77,11.978]},"p":{"a":0,"k":[18.385,5.989]},"r":{"a":0,"k":0}},{"ty":"st","c":{"a":0,"k":[0.282,0.282,0.282,1]},"o":{"a":0,"k":100},"w":{"a":0,"k":2},"lc":2,"lj":2,"ml":4},{"ty":"tr","p":{"a":0,"k":[0,0]},"a":{"a":0,"k":[-325.98,-424.59]},"s":{"a":0,"k":[100,100]},"r":{"a":0,"k":0},"o":{"a":0,"k":100},"sk":{"a":0,"k":0},"sa":{"a":0,"k":0}}],"nm":"imagebot_58","ln":"imagebot_58","hd":false},{"ty":"gr","it":[{"d":1,"ty":"rc","s":{"a":0,"k":[36.77,12.103]},"p":{"a":0,"k":[18.385,6.052]},"r":{"a":0,"k":0}},{"ty":"st","c":{"a":0,"k":[0.282,0.282,0.282,1]},"o":{"a":0,"k":100},"w":{"a":0,"k":2},"lc":2,"lj":2,"ml":4},{"ty":"tr","p":{"a":0,"k":[0,0]},"a":{"a":0,"k":[-325.98,-436.47]},"s":{"a":0,"k":[100,100]},"r":{"a":0,"k":0},"o":{"a":0,"k":100},"sk":{"a":0,"k":0},"sa":{"a":0,"k":0}}],"nm":"imagebot_59","ln":"imagebot_59","hd":false},{"ty":"gr","it":[{"ty":"sh","d":1,"ks":{"a":0,"k":{"i":[[0,0],[-4.23,-4.67],[-5.48,-4.99],[-2.76,-3.47],[-0.51,-3.79],[0,0],[0,0],[0,0],[0,0],[0,0],[0,0],[0,0],[0,0],[0,0],[0,0],[0,0],[0,0],[0,0],[0,0],[0,0],[0,0],[0,0]],"o":[[-2.31,4.01],[-2.65,3.69],[-5.12,4.78],[-4.54,7.65],[0,0],[0,0],[0,0],[0,0],[0,0],[0,0],[0,0],[0,0],[0,0],[0,0],[0,0],[0,0],[0,0],[0,0],[0,0],[0,0],[0,0],[0,0]],"v":[[336.97,399.12],[336.97,411.85],[337.15,424.22],[336.8,436.07],[336.8,448.62],[326.19,448.79],[327.07,446.14],[324.95,442.96],[326.01,438.36],[329.37,435.71],[325.84,433.06],[325.13,429.17],[328.84,424.22],[326.37,421.92],[325.48,417.51],[329.73,411.67],[326.54,409.2],[325.31,405.48],[327.61,401.07],[329.9,399.12],[336.09,399.65],[336.97,399.12]],"c":true},"hd":false}},{"ty":"fl","c":{"a":0,"k":[1,1,1,1]},"hd":false,"o":{"a":0,"k":100},"r":1},{"ty":"tr","p":{"a":0,"k":[0,0]},"a":{"a":0,"k":[0,0]},"s":{"a":0,"k":[100,100]},"r":{"a":0,"k":0},"o":{"a":0,"k":63},"sk":{"a":0,"k":0},"sa":{"a":0,"k":0}}],"nm":"imagebot_60","ln":"imagebot_60","hd":false},{"ty":"gr","it":[{"ty":"sh","d":1,"ks":{"a":0,"k":{"i":[[0,0],[4.23,-4.66],[5.48,-4.99],[2.76,-3.47],[0.51,-3.79],[0,0],[0,0],[0,0],[0,0],[0,0],[0,0],[0,0],[0,0],[0,0],[0,0],[0,0],[0,0],[0,0],[0,0],[0,0],[0,0],[0,0]],"o":[[2.31,4.01],[2.65,3.69],[5.11,4.78],[4.54,7.66],[0,0],[0,0],[0,0],[0,0],[0,0],[0,0],[0,0],[0,0],[0,0],[0,0],[0,0],[0,0],[0,0],[0,0],[0,0],[0,0],[0,0],[0,0]],"v":[[351.26,399],[351.26,411.72],[351.08,424.1],[351.43,435.94],[351.43,448.49],[362.04,448.67],[361.15,446.02],[363.28,442.84],[362.22,438.24],[358.86,435.59],[362.39,432.94],[363.1,429.05],[359.39,424.1],[361.86,421.8],[362.75,417.38],[358.5,411.55],[361.69,409.07],[362.92,405.36],[360.62,400.94],[358.33,399],[352.14,399.53],[351.26,399]],"c":true},"hd":false}},{"ty":"fl","c":{"a":0,"k":[0.502,0.502,0.502,1]},"hd":false,"o":{"a":0,"k":100},"r":1},{"ty":"tr","p":{"a":0,"k":[0,0]},"a":{"a":0,"k":[0,0]},"s":{"a":0,"k":[100,100]},"r":{"a":0,"k":0},"o":{"a":0,"k":100},"sk":{"a":0,"k":0},"sa":{"a":0,"k":0}}],"nm":"imagebot_61","ln":"imagebot_61","hd":false},{"ty":"gr","it":[{"d":1,"ty":"rc","s":{"a":0,"k":[36.77,12.728]},"p":{"a":0,"k":[18.385,6.364]},"r":{"a":0,"k":0}},{"ty":"st","c":{"a":0,"k":[0.282,0.282,0.282,1]},"o":{"a":0,"k":100},"w":{"a":0,"k":2},"lc":2,"lj":2,"ml":4},{"ty":"fl","c":{"a":0,"k":[0.643,0.643,0.643,1]},"hd":false,"o":{"a":0,"k":100},"r":1},{"ty":"tr","p":{"a":0,"k":[0,0]},"a":{"a":0,"k":[-325.62,-399.47]},"s":{"a":0,"k":[100,100]},"r":{"a":0,"k":0},"o":{"a":0,"k":100},"sk":{"a":0,"k":0},"sa":{"a":0,"k":0}}],"nm":"imagebot_62","ln":"imagebot_62","hd":false},{"ty":"gr","it":[{"d":1,"ty":"rc","s":{"a":0,"k":[36.77,12.728]},"p":{"a":0,"k":[18.385,6.364]},"r":{"a":0,"k":0}},{"ty":"st","c":{"a":0,"k":[0.282,0.282,0.282,1]},"o":{"a":0,"k":100},"w":{"a":0,"k":2},"lc":2,"lj":2,"ml":4},{"ty":"fl","c":{"a":0,"k":[0.643,0.643,0.643,1]},"hd":false,"o":{"a":0,"k":100},"r":1},{"ty":"tr","p":{"a":0,"k":[0,0]},"a":{"a":0,"k":[-325.98,-411.84]},"s":{"a":0,"k":[100,100]},"r":{"a":0,"k":0},"o":{"a":0,"k":100},"sk":{"a":0,"k":0},"sa":{"a":0,"k":0}}],"nm":"imagebot_63","ln":"imagebot_63","hd":false},{"ty":"gr","it":[{"d":1,"ty":"rc","s":{"a":0,"k":[36.77,12.728]},"p":{"a":0,"k":[18.385,6.364]},"r":{"a":0,"k":0}},{"ty":"st","c":{"a":0,"k":[0.282,0.282,0.282,1]},"o":{"a":0,"k":100},"w":{"a":0,"k":2},"lc":2,"lj":2,"ml":4},{"ty":"fl","c":{"a":0,"k":[0.643,0.643,0.643,1]},"hd":false,"o":{"a":0,"k":100},"r":1},{"ty":"tr","p":{"a":0,"k":[0,0]},"a":{"a":0,"k":[-325.98,-423.84]},"s":{"a":0,"k":[100,100]},"r":{"a":0,"k":0},"o":{"a":0,"k":100},"sk":{"a":0,"k":0},"sa":{"a":0,"k":0}}],"nm":"imagebot_64","ln":"imagebot_64","hd":false},{"ty":"gr","it":[{"d":1,"ty":"rc","s":{"a":0,"k":[36.77,12.728]},"p":{"a":0,"k":[18.385,6.364]},"r":{"a":0,"k":0}},{"ty":"st","c":{"a":0,"k":[0.282,0.282,0.282,1]},"o":{"a":0,"k":100},"w":{"a":0,"k":2},"lc":2,"lj":2,"ml":4},{"ty":"fl","c":{"a":0,"k":[0.643,0.643,0.643,1]},"hd":false,"o":{"a":0,"k":100},"r":1},{"ty":"tr","p":{"a":0,"k":[0,0]},"a":{"a":0,"k":[-325.98,-435.84]},"s":{"a":0,"k":[100,100]},"r":{"a":0,"k":0},"o":{"a":0,"k":100},"sk":{"a":0,"k":0},"sa":{"a":0,"k":0}}],"nm":"imagebot_65","ln":"imagebot_65","hd":false}],"ln":"imagebot_51"},{"ind":4,"nm":"imagebot_66","ks":{"p":{"a":0,"k":[-320.006,-239.393]},"a":{"a":0,"k":[0,0,0]},"s":{"a":0,"k":[157.383,157.383,100]},"r":{"a":0,"k":0},"o":{"a":0,"k":100}},"ao":0,"ip":0,"op":60,"st":0,"bm":0,"sr":1,"ty":4,"shapes":[{"ty":"gr","it":[{"ty":"sh","d":1,"ks":{"a":0,"k":{"i":[[0,0],[-9.87,1.4],[-4.92,-13.08]],"o":[[0.8,-12.31],[-9.99,-3.75],[0,0]],"v":[[305.65,332.16],[324.44,313.51],[305.65,332.16]],"c":true},"hd":false}},{"ty":"fl","c":{"a":0,"k":[1,1,1,1]},"hd":false,"o":{"a":0,"k":100},"r":1},{"ty":"tr","p":{"a":0,"k":[0,0]},"a":{"a":0,"k":[0,0]},"s":{"a":0,"k":[100,100]},"r":{"a":0,"k":0},"o":{"a":0,"k":62.981},"sk":{"a":0,"k":0},"sa":{"a":0,"k":0}}],"nm":"imagebot_67","ln":"imagebot_67","hd":false},{"ty":"gr","it":[{"ty":"sh","d":1,"ks":{"a":0,"k":{"i":[[0,0],[-6.74,1.13],[0.59,-10.8]],"o":[[2.76,-5.64],[-7.84,-2.01],[0,0]],"v":[[275.21,381],[289.77,371.19],[275.21,381]],"c":true},"hd":false}},{"ty":"fl","c":{"a":0,"k":[1,1,1,1]},"hd":false,"o":{"a":0,"k":100},"r":1},{"ty":"tr","p":{"a":0,"k":[0,0]},"a":{"a":0,"k":[0,0]},"s":{"a":0,"k":[100,100]},"r":{"a":0,"k":0},"o":{"a":0,"k":62.981},"sk":{"a":0,"k":0},"sa":{"a":0,"k":0}}],"nm":"imagebot_68","ln":"imagebot_68","hd":false},{"ty":"gr","it":[{"ty":"sh","d":1,"ks":{"a":0,"k":{"i":[[0,0],[7.13,0],[0,6.83],[-7.13,0],[0,-6.83]],"o":[[0,6.83],[-7.13,0],[0,-6.83],[7.13,0],[0,0]],"v":[[284.96,369.65],[272.06,382.02],[259.15,369.65],[272.06,357.28],[284.96,369.65]],"c":true},"hd":false}},{"ty":"st","c":{"a":0,"k":[0.282,0.282,0.282,1]},"o":{"a":0,"k":100},"w":{"a":0,"k":2.217},"lc":2,"lj":2,"ml":4},{"ty":"fl","c":{"a":0,"k":[0.643,0.643,0.643,1]},"hd":false,"o":{"a":0,"k":100},"r":1},{"ty":"tr","p":{"a":0,"k":[-26.866,104.27]},"a":{"a":0,"k":[0,0]},"s":{"a":0,"k":[89.041,91.429]},"r":{"a":0,"k":-12.902},"o":{"a":0,"k":100},"sk":{"a":0,"k":-0.001},"sa":{"a":0,"k":0}}],"nm":"imagebot_69","ln":"imagebot_69","hd":false},{"ty":"gr","it":[{"ty":"sh","d":1,"ks":{"a":0,"k":{"i":[[0,0],[-6.3,7.2],[0,0],[-1.28,-1.5],[0.66,-0.26],[-2.34,-8.52]],"o":[[-5.72,-8.13],[0,0],[0.11,2],[-1.02,-0.02],[-7.6,3.06],[0,0]],"v":[[249.5,408.86],[261.12,382.92],[273.44,381.11],[274.58,384.65],[264.36,386.08],[249.5,408.86]],"c":true},"hd":false}},{"ty":"fl","c":{"a":0,"k":[1,1,1,1]},"hd":false,"o":{"a":0,"k":100},"r":1},{"ty":"tr","p":{"a":0,"k":[0,0]},"a":{"a":0,"k":[0,0]},"s":{"a":0,"k":[100,100]},"r":{"a":0,"k":0},"o":{"a":0,"k":63},"sk":{"a":0,"k":0},"sa":{"a":0,"k":0}}],"nm":"imagebot_70","ln":"imagebot_70","hd":false},{"ty":"gr","it":[{"ty":"sh","d":1,"ks":{"a":0,"k":{"i":[[0,0],[0.74,-0.91],[0,0],[-4.6,-7.07],[0,0],[-0.54,0.06],[-0.46,-0.37],[0,0],[-0.05,-0.54],[0.38,-0.46],[0,0],[-5.05,6.47],[0,0],[0.91,0.75],[0,0],[0,0],[0,0]],"o":[[-0.91,-0.75],[0,0],[-5.62,6.82],[0,0],[0.37,-0.46],[0.54,-0.05],[0,0],[0.46,0.37],[0.05,0.54],[0,0],[7.2,2.65],[0,0],[0.75,-0.91],[0,0],[0,0],[0,0],[0,0]],"v":[[262.61,380.88],[259.62,381.18],[250.67,392.11],[249.19,412.78],[262.04,397.09],[263.47,396.32],[265.03,396.79],[270.22,401.05],[270.99,402.48],[270.52,404.04],[257.76,419.63],[277.22,413.84],[286.17,402.91],[285.87,399.92],[284.85,388.91],[273.22,379.39],[262.61,380.88]],"c":true},"hd":false}},{"ty":"st","c":{"a":0,"k":[0.282,0.282,0.282,1]},"o":{"a":0,"k":100},"w":{"a":0,"k":2.023},"lc":2,"lj":2,"ml":4},{"ty":"tr","p":{"a":0,"k":[0,0]},"a":{"a":0,"k":[0,0]},"s":{"a":0,"k":[100,100]},"r":{"a":0,"k":0},"o":{"a":0,"k":100},"sk":{"a":0,"k":0},"sa":{"a":0,"k":0}}],"nm":"imagebot_71","ln":"imagebot_71","hd":false},{"ty":"gr","it":[{"ty":"sh","d":1,"ks":{"a":0,"k":{"i":[[0,0],[-5.49,9.05],[0,0],[0,0],[0,0],[0,0],[0,0],[0,0],[0,0],[0,0]],"o":[[13.57,0.08],[0,0],[0,0],[0,0],[0,0],[0,0],[0,0],[0,0],[0,0],[0,0]],"v":[[257.5,419.49],[281.44,400.67],[280.69,386.74],[285.06,387.3],[285.31,399.8],[286,401.67],[274.94,416.05],[268.5,419.86],[261.5,420.86],[257.5,419.49]],"c":true},"hd":false}},{"ty":"fl","c":{"a":0,"k":[0.502,0.502,0.502,1]},"hd":false,"o":{"a":0,"k":100},"r":1},{"ty":"tr","p":{"a":0,"k":[0,0]},"a":{"a":0,"k":[0,0]},"s":{"a":0,"k":[100,100]},"r":{"a":0,"k":0},"o":{"a":0,"k":100},"sk":{"a":0,"k":0},"sa":{"a":0,"k":0}}],"nm":"imagebot_72","ln":"imagebot_72","hd":false},{"ty":"gr","it":[{"ty":"sh","d":1,"ks":{"a":0,"k":{"i":[[0,0],[0.74,-0.91],[0,0],[-4.6,-7.07],[0,0],[-0.54,0.06],[-0.46,-0.37],[0,0],[-0.05,-0.54],[0.38,-0.46],[0,0],[-5.05,6.47],[0,0],[0.91,0.75],[0,0],[0,0],[0,0]],"o":[[-0.91,-0.75],[0,0],[-5.62,6.82],[0,0],[0.37,-0.46],[0.54,-0.05],[0,0],[0.46,0.37],[0.05,0.54],[0,0],[7.2,2.65],[0,0],[0.75,-0.91],[0,0],[0,0],[0,0],[0,0]],"v":[[262.61,380.88],[259.62,381.18],[250.67,392.11],[249.19,412.78],[262.04,397.09],[263.47,396.32],[265.03,396.79],[270.22,401.05],[270.99,402.48],[270.52,404.04],[257.76,419.63],[277.22,413.84],[286.17,402.91],[285.87,399.92],[284.85,388.91],[273.22,379.39],[262.61,380.88]],"c":true},"hd":false}},{"ty":"st","c":{"a":0,"k":[0.282,0.282,0.282,1]},"o":{"a":0,"k":100},"w":{"a":0,"k":2.023},"lc":2,"lj":2,"ml":4},{"ty":"fl","c":{"a":0,"k":[0.643,0.643,0.643,1]},"hd":false,"o":{"a":0,"k":100},"r":1},{"ty":"tr","p":{"a":0,"k":[0,0]},"a":{"a":0,"k":[0,0]},"s":{"a":0,"k":[100,100]},"r":{"a":0,"k":0},"o":{"a":0,"k":100},"sk":{"a":0,"k":0},"sa":{"a":0,"k":0}}],"nm":"imagebot_73","ln":"imagebot_73","hd":false},{"ty":"gr","it":[{"ty":"sh","d":1,"ks":{"a":0,"k":{"i":[[0,0],[8.42,0],[0,9.87],[-8.42,0],[0,-9.87]],"o":[[0,9.87],[-8.42,0],[0,-9.87],[8.42,0],[0,0]],"v":[[315.5,337.99],[300.25,355.86],[285,337.99],[300.25,320.11],[315.5,337.99]],"c":true},"hd":false}},{"ty":"st","c":{"a":0,"k":[0.282,0.282,0.282,1]},"o":{"a":0,"k":100},"w":{"a":0,"k":2},"lc":2,"lj":2,"ml":4},{"ty":"fl","c":{"a":0,"k":[0.643,0.643,0.643,1]},"hd":false,"o":{"a":0,"k":100},"r":1},{"ty":"tr","p":{"a":0,"k":[-9.676,11.286]},"a":{"a":0,"k":[0,0]},"s":{"a":0,"k":[109.54,93.453]},"r":{"a":0,"k":0},"o":{"a":0,"k":100},"sk":{"a":0,"k":0},"sa":{"a":0,"k":0}}],"nm":"imagebot_74","ln":"imagebot_74","hd":false},{"ty":"gr","it":[{"d":1,"ty":"rc","s":{"a":0,"k":[18.77,25.503]},"p":{"a":0,"k":[9.385,12.752]},"r":{"a":0,"k":0}},{"ty":"st","c":{"a":0,"k":[0.282,0.282,0.282,1]},"o":{"a":0,"k":100},"w":{"a":0,"k":2},"lc":2,"lj":2,"ml":4},{"ty":"tr","p":{"a":0,"k":[0,0]},"a":{"a":0,"k":[-429.05,-130.95]},"s":{"a":0,"k":[100,100]},"r":{"a":0,"k":30.623},"o":{"a":0,"k":100},"sk":{"a":0,"k":0},"sa":{"a":0,"k":0}}],"nm":"imagebot_75","ln":"imagebot_75","hd":false},{"ty":"gr","it":[{"ty":"sh","d":1,"ks":{"a":0,"k":{"i":[[0,0],[0,0],[0,0],[0,0],[0,0],[0,0],[0,0]],"o":[[0,0],[0,0],[0,0],[0,0],[0,0],[0,0],[0,0]],"v":[[313.52,336.7],[313.04,337.93],[303.08,361.01],[305.17,362.39],[318.6,338.68],[314.65,337.15],[313.52,336.7]],"c":true},"hd":false}},{"ty":"fl","c":{"a":0,"k":[0.42,0.42,0.42,1]},"hd":false,"o":{"a":0,"k":100},"r":1},{"ty":"tr","p":{"a":0,"k":[0,0]},"a":{"a":0,"k":[0,0]},"s":{"a":0,"k":[100,100]},"r":{"a":0,"k":0},"o":{"a":0,"k":63},"sk":{"a":0,"k":0},"sa":{"a":0,"k":0}}],"nm":"imagebot_76","ln":"imagebot_76","hd":false},{"ty":"gr","it":[{"ty":"sh","d":1,"ks":{"a":0,"k":{"i":[[0,0],[0,0],[0,0],[0,0],[0,0],[0,0],[0,0]],"o":[[0,0],[0,0],[0,0],[0,0],[0,0],[0,0],[0,0]],"v":[[290.84,352.88],[291.51,351.76],[303.68,331.29],[306.03,330.55],[295.51,355.69],[291.88,353.51],[290.84,352.88]],"c":true},"hd":false}},{"ty":"fl","c":{"a":0,"k":[1,1,1,1]},"hd":false,"o":{"a":0,"k":100},"r":1},{"ty":"tr","p":{"a":0,"k":[0,0]},"a":{"a":0,"k":[0,0]},"s":{"a":0,"k":[100,100]},"r":{"a":0,"k":0},"o":{"a":0,"k":63},"sk":{"a":0,"k":0},"sa":{"a":0,"k":0}}],"nm":"imagebot_77","ln":"imagebot_77","hd":false},{"ty":"gr","it":[{"d":1,"ty":"rc","s":{"a":0,"k":[18.77,25.503]},"p":{"a":0,"k":[9.385,12.752]},"r":{"a":0,"k":0}},{"ty":"st","c":{"a":0,"k":[0.282,0.282,0.282,1]},"o":{"a":0,"k":100},"w":{"a":0,"k":2},"lc":2,"lj":2,"ml":4},{"ty":"fl","c":{"a":0,"k":[0.643,0.643,0.643,1]},"hd":false,"o":{"a":0,"k":100},"r":1},{"ty":"tr","p":{"a":0,"k":[0,0]},"a":{"a":0,"k":[-429.05,-130.95]},"s":{"a":0,"k":[100,100]},"r":{"a":0,"k":30.623},"o":{"a":0,"k":100},"sk":{"a":0,"k":0},"sa":{"a":0,"k":0}}],"nm":"imagebot_78","ln":"imagebot_78","hd":false},{"ty":"gr","it":[{"d":1,"ty":"rc","s":{"a":0,"k":[14.475,23.757]},"p":{"a":0,"k":[7.238,11.879]},"r":{"a":0,"k":0}},{"ty":"st","c":{"a":0,"k":[0.282,0.282,0.282,1]},"o":{"a":0,"k":100},"w":{"a":0,"k":2.312},"lc":2,"lj":2,"ml":4},{"ty":"tr","p":{"a":0,"k":[0,0]},"a":{"a":0,"k":[-431.12,-149.06]},"s":{"a":0,"k":[100,100]},"r":{"a":0,"k":30.623},"o":{"a":0,"k":100},"sk":{"a":0,"k":0},"sa":{"a":0,"k":0}}],"nm":"imagebot_79","ln":"imagebot_79","hd":false},{"ty":"gr","it":[{"ty":"sh","d":1,"ks":{"a":0,"k":{"i":[[0,0],[0,0],[0,0],[0,0],[0,0],[0,0],[0,0]],"o":[[0,0],[0,0],[0,0],[0,0],[0,0],[0,0],[0,0]],"v":[[279.17,375.6],[279.84,374.47],[292.01,354.01],[294.36,353.27],[283.85,378.41],[280.22,376.22],[279.17,375.6]],"c":true},"hd":false}},{"ty":"fl","c":{"a":0,"k":[1,1,1,1]},"hd":false,"o":{"a":0,"k":100},"r":1},{"ty":"tr","p":{"a":0,"k":[0,0]},"a":{"a":0,"k":[0,0]},"s":{"a":0,"k":[100,100]},"r":{"a":0,"k":0},"o":{"a":0,"k":63},"sk":{"a":0,"k":0},"sa":{"a":0,"k":0}}],"nm":"imagebot_80","ln":"imagebot_80","hd":false},{"ty":"gr","it":[{"ty":"sh","d":1,"ks":{"a":0,"k":{"i":[[0,0],[0,0],[0,0],[0,0],[0,0],[0,0],[0,0]],"o":[[0,0],[0,0],[0,0],[0,0],[0,0],[0,0],[0,0]],"v":[[304.15,349.26],[303.67,350.48],[293.71,373.56],[295.8,374.94],[309.23,351.23],[305.28,349.7],[304.15,349.26]],"c":true},"hd":false}},{"ty":"fl","c":{"a":0,"k":[0.42,0.42,0.42,1]},"hd":false,"o":{"a":0,"k":100},"r":1},{"ty":"tr","p":{"a":0,"k":[0,0]},"a":{"a":0,"k":[0,0]},"s":{"a":0,"k":[100,100]},"r":{"a":0,"k":0},"o":{"a":0,"k":63},"sk":{"a":0,"k":0},"sa":{"a":0,"k":0}}],"nm":"imagebot_81","ln":"imagebot_81","hd":false},{"ty":"gr","it":[{"d":1,"ty":"rc","s":{"a":0,"k":[14.475,23.757]},"p":{"a":0,"k":[7.238,11.879]},"r":{"a":0,"k":0}},{"ty":"st","c":{"a":0,"k":[0.282,0.282,0.282,1]},"o":{"a":0,"k":100},"w":{"a":0,"k":2.312},"lc":2,"lj":2,"ml":4},{"ty":"fl","c":{"a":0,"k":[0.643,0.643,0.643,1]},"hd":false,"o":{"a":0,"k":100},"r":1},{"ty":"tr","p":{"a":0,"k":[0,0]},"a":{"a":0,"k":[-431.12,-149.06]},"s":{"a":0,"k":[100,100]},"r":{"a":0,"k":30.623},"o":{"a":0,"k":100},"sk":{"a":0,"k":0},"sa":{"a":0,"k":0}}],"nm":"imagebot_82","ln":"imagebot_82","hd":false}],"ln":"imagebot_66"},{"ind":3,"nm":"imagebot_83","ks":{"p":{"a":0,"k":[832.006,-239.393]},"a":{"a":0,"k":[0,0,0]},"s":{"a":0,"k":[-157.383,157.383,100]},"r":{"a":0,"k":0},"o":{"a":0,"k":100}},"ao":0,"ip":0,"op":60,"st":0,"bm":0,"sr":1,"ty":4,"shapes":[{"ty":"gr","it":[{"ty":"sh","d":1,"ks":{"a":0,"k":{"i":[[0,0],[-9.87,1.4],[-4.92,-13.08]],"o":[[0.8,-12.31],[-9.99,-3.75],[0,0]],"v":[[305.65,332.16],[324.44,313.51],[305.65,332.16]],"c":true},"hd":false}},{"ty":"fl","c":{"a":0,"k":[1,1,1,1]},"hd":false,"o":{"a":0,"k":100},"r":1},{"ty":"tr","p":{"a":0,"k":[0,0]},"a":{"a":0,"k":[0,0]},"s":{"a":0,"k":[100,100]},"r":{"a":0,"k":0},"o":{"a":0,"k":62.981},"sk":{"a":0,"k":0},"sa":{"a":0,"k":0}}],"nm":"imagebot_84","ln":"imagebot_84","hd":false},{"ty":"gr","it":[{"ty":"sh","d":1,"ks":{"a":0,"k":{"i":[[0,0],[-6.74,1.13],[0.59,-10.8]],"o":[[2.76,-5.64],[-7.84,-2.01],[0,0]],"v":[[275.21,381],[289.77,371.19],[275.21,381]],"c":true},"hd":false}},{"ty":"fl","c":{"a":0,"k":[1,1,1,1]},"hd":false,"o":{"a":0,"k":100},"r":1},{"ty":"tr","p":{"a":0,"k":[0,0]},"a":{"a":0,"k":[0,0]},"s":{"a":0,"k":[100,100]},"r":{"a":0,"k":0},"o":{"a":0,"k":62.981},"sk":{"a":0,"k":0},"sa":{"a":0,"k":0}}],"nm":"imagebot_85","ln":"imagebot_85","hd":false},{"ty":"gr","it":[{"ty":"sh","d":1,"ks":{"a":0,"k":{"i":[[0,0],[7.13,0],[0,6.83],[-7.13,0],[0,-6.83]],"o":[[0,6.83],[-7.13,0],[0,-6.83],[7.13,0],[0,0]],"v":[[284.96,369.65],[272.06,382.02],[259.15,369.65],[272.06,357.28],[284.96,369.65]],"c":true},"hd":false}},{"ty":"st","c":{"a":0,"k":[0.282,0.282,0.282,1]},"o":{"a":0,"k":100},"w":{"a":0,"k":2.217},"lc":2,"lj":2,"ml":4},{"ty":"fl","c":{"a":0,"k":[0.643,0.643,0.643,1]},"hd":false,"o":{"a":0,"k":100},"r":1},{"ty":"tr","p":{"a":0,"k":[-26.866,104.27]},"a":{"a":0,"k":[0,0]},"s":{"a":0,"k":[89.041,91.429]},"r":{"a":0,"k":-12.902},"o":{"a":0,"k":100},"sk":{"a":0,"k":-0.001},"sa":{"a":0,"k":0}}],"nm":"imagebot_86","ln":"imagebot_86","hd":false},{"ty":"gr","it":[{"ty":"sh","d":1,"ks":{"a":0,"k":{"i":[[0,0],[-6.3,7.2],[0,0],[-1.28,-1.5],[0.66,-0.26],[-2.34,-8.52]],"o":[[-5.72,-8.13],[0,0],[0.11,2],[-1.02,-0.02],[-7.6,3.06],[0,0]],"v":[[249.5,408.86],[261.12,382.92],[273.44,381.11],[274.58,384.65],[264.36,386.08],[249.5,408.86]],"c":true},"hd":false}},{"ty":"fl","c":{"a":0,"k":[1,1,1,1]},"hd":false,"o":{"a":0,"k":100},"r":1},{"ty":"tr","p":{"a":0,"k":[0,0]},"a":{"a":0,"k":[0,0]},"s":{"a":0,"k":[100,100]},"r":{"a":0,"k":0},"o":{"a":0,"k":63},"sk":{"a":0,"k":0},"sa":{"a":0,"k":0}}],"nm":"imagebot_87","ln":"imagebot_87","hd":false},{"ty":"gr","it":[{"ty":"sh","d":1,"ks":{"a":0,"k":{"i":[[0,0],[0.74,-0.91],[0,0],[-4.6,-7.07],[0,0],[-0.54,0.06],[-0.46,-0.37],[0,0],[-0.05,-0.54],[0.38,-0.46],[0,0],[-5.05,6.47],[0,0],[0.91,0.75],[0,0],[0,0],[0,0]],"o":[[-0.91,-0.75],[0,0],[-5.62,6.82],[0,0],[0.37,-0.46],[0.54,-0.05],[0,0],[0.46,0.37],[0.05,0.54],[0,0],[7.2,2.65],[0,0],[0.75,-0.91],[0,0],[0,0],[0,0],[0,0]],"v":[[262.61,380.88],[259.62,381.18],[250.67,392.11],[249.19,412.78],[262.04,397.09],[263.47,396.32],[265.03,396.79],[270.22,401.05],[270.99,402.48],[270.52,404.04],[257.76,419.63],[277.22,413.84],[286.17,402.91],[285.87,399.92],[284.85,388.91],[273.22,379.39],[262.61,380.88]],"c":true},"hd":false}},{"ty":"st","c":{"a":0,"k":[0.282,0.282,0.282,1]},"o":{"a":0,"k":100},"w":{"a":0,"k":2.023},"lc":2,"lj":2,"ml":4},{"ty":"tr","p":{"a":0,"k":[0,0]},"a":{"a":0,"k":[0,0]},"s":{"a":0,"k":[100,100]},"r":{"a":0,"k":0},"o":{"a":0,"k":100},"sk":{"a":0,"k":0},"sa":{"a":0,"k":0}}],"nm":"imagebot_88","ln":"imagebot_88","hd":false},{"ty":"gr","it":[{"ty":"sh","d":1,"ks":{"a":0,"k":{"i":[[0,0],[-5.49,9.05],[0,0],[0,0],[0,0],[0,0],[0,0],[0,0],[0,0],[0,0]],"o":[[13.57,0.08],[0,0],[0,0],[0,0],[0,0],[0,0],[0,0],[0,0],[0,0],[0,0]],"v":[[257.5,419.49],[281.44,400.67],[280.69,386.74],[285.06,387.3],[285.31,399.8],[286,401.67],[274.94,416.05],[268.5,419.86],[261.5,420.86],[257.5,419.49]],"c":true},"hd":false}},{"ty":"fl","c":{"a":0,"k":[0.502,0.502,0.502,1]},"hd":false,"o":{"a":0,"k":100},"r":1},{"ty":"tr","p":{"a":0,"k":[0,0]},"a":{"a":0,"k":[0,0]},"s":{"a":0,"k":[100,100]},"r":{"a":0,"k":0},"o":{"a":0,"k":100},"sk":{"a":0,"k":0},"sa":{"a":0,"k":0}}],"nm":"imagebot_89","ln":"imagebot_89","hd":false},{"ty":"gr","it":[{"ty":"sh","d":1,"ks":{"a":0,"k":{"i":[[0,0],[0.74,-0.91],[0,0],[-4.6,-7.07],[0,0],[-0.54,0.06],[-0.46,-0.37],[0,0],[-0.05,-0.54],[0.38,-0.46],[0,0],[-5.05,6.47],[0,0],[0.91,0.75],[0,0],[0,0],[0,0]],"o":[[-0.91,-0.75],[0,0],[-5.62,6.82],[0,0],[0.37,-0.46],[0.54,-0.05],[0,0],[0.46,0.37],[0.05,0.54],[0,0],[7.2,2.65],[0,0],[0.75,-0.91],[0,0],[0,0],[0,0],[0,0]],"v":[[262.61,380.88],[259.62,381.18],[250.67,392.11],[249.19,412.78],[262.04,397.09],[263.47,396.32],[265.03,396.79],[270.22,401.05],[270.99,402.48],[270.52,404.04],[257.76,419.63],[277.22,413.84],[286.17,402.91],[285.87,399.92],[284.85,388.91],[273.22,379.39],[262.61,380.88]],"c":true},"hd":false}},{"ty":"st","c":{"a":0,"k":[0.282,0.282,0.282,1]},"o":{"a":0,"k":100},"w":{"a":0,"k":2.023},"lc":2,"lj":2,"ml":4},{"ty":"fl","c":{"a":0,"k":[0.643,0.643,0.643,1]},"hd":false,"o":{"a":0,"k":100},"r":1},{"ty":"tr","p":{"a":0,"k":[0,0]},"a":{"a":0,"k":[0,0]},"s":{"a":0,"k":[100,100]},"r":{"a":0,"k":0},"o":{"a":0,"k":100},"sk":{"a":0,"k":0},"sa":{"a":0,"k":0}}],"nm":"imagebot_90","ln":"imagebot_90","hd":false},{"ty":"gr","it":[{"ty":"sh","d":1,"ks":{"a":0,"k":{"i":[[0,0],[8.42,0],[0,9.87],[-8.42,0],[0,-9.87]],"o":[[0,9.87],[-8.42,0],[0,-9.87],[8.42,0],[0,0]],"v":[[315.5,337.99],[300.25,355.86],[285,337.99],[300.25,320.11],[315.5,337.99]],"c":true},"hd":false}},{"ty":"st","c":{"a":0,"k":[0.282,0.282,0.282,1]},"o":{"a":0,"k":100},"w":{"a":0,"k":2},"lc":2,"lj":2,"ml":4},{"ty":"fl","c":{"a":0,"k":[0.643,0.643,0.643,1]},"hd":false,"o":{"a":0,"k":100},"r":1},{"ty":"tr","p":{"a":0,"k":[-9.676,11.286]},"a":{"a":0,"k":[0,0]},"s":{"a":0,"k":[109.54,93.453]},"r":{"a":0,"k":0},"o":{"a":0,"k":100},"sk":{"a":0,"k":0},"sa":{"a":0,"k":0}}],"nm":"imagebot_91","ln":"imagebot_91","hd":false},{"ty":"gr","it":[{"d":1,"ty":"rc","s":{"a":0,"k":[18.77,25.503]},"p":{"a":0,"k":[9.385,12.752]},"r":{"a":0,"k":0}},{"ty":"st","c":{"a":0,"k":[0.282,0.282,0.282,1]},"o":{"a":0,"k":100},"w":{"a":0,"k":2},"lc":2,"lj":2,"ml":4},{"ty":"tr","p":{"a":0,"k":[0,0]},"a":{"a":0,"k":[-429.05,-130.95]},"s":{"a":0,"k":[100,100]},"r":{"a":0,"k":30.623},"o":{"a":0,"k":100},"sk":{"a":0,"k":0},"sa":{"a":0,"k":0}}],"nm":"imagebot_92","ln":"imagebot_92","hd":false},{"ty":"gr","it":[{"ty":"sh","d":1,"ks":{"a":0,"k":{"i":[[0,0],[0,0],[0,0],[0,0],[0,0],[0,0],[0,0]],"o":[[0,0],[0,0],[0,0],[0,0],[0,0],[0,0],[0,0]],"v":[[313.52,336.7],[313.04,337.93],[303.08,361.01],[305.17,362.39],[318.6,338.68],[314.65,337.15],[313.52,336.7]],"c":true},"hd":false}},{"ty":"fl","c":{"a":0,"k":[0.42,0.42,0.42,1]},"hd":false,"o":{"a":0,"k":100},"r":1},{"ty":"tr","p":{"a":0,"k":[0,0]},"a":{"a":0,"k":[0,0]},"s":{"a":0,"k":[100,100]},"r":{"a":0,"k":0},"o":{"a":0,"k":63},"sk":{"a":0,"k":0},"sa":{"a":0,"k":0}}],"nm":"imagebot_93","ln":"imagebot_93","hd":false},{"ty":"gr","it":[{"ty":"sh","d":1,"ks":{"a":0,"k":{"i":[[0,0],[0,0],[0,0],[0,0],[0,0],[0,0],[0,0]],"o":[[0,0],[0,0],[0,0],[0,0],[0,0],[0,0],[0,0]],"v":[[290.84,352.88],[291.51,351.76],[303.68,331.29],[306.03,330.55],[295.51,355.69],[291.88,353.51],[290.84,352.88]],"c":true},"hd":false}},{"ty":"fl","c":{"a":0,"k":[1,1,1,1]},"hd":false,"o":{"a":0,"k":100},"r":1},{"ty":"tr","p":{"a":0,"k":[0,0]},"a":{"a":0,"k":[0,0]},"s":{"a":0,"k":[100,100]},"r":{"a":0,"k":0},"o":{"a":0,"k":63},"sk":{"a":0,"k":0},"sa":{"a":0,"k":0}}],"nm":"imagebot_94","ln":"imagebot_94","hd":false},{"ty":"gr","it":[{"d":1,"ty":"rc","s":{"a":0,"k":[18.77,25.503]},"p":{"a":0,"k":[9.385,12.752]},"r":{"a":0,"k":0}},{"ty":"st","c":{"a":0,"k":[0.282,0.282,0.282,1]},"o":{"a":0,"k":100},"w":{"a":0,"k":2},"lc":2,"lj":2,"ml":4},{"ty":"fl","c":{"a":0,"k":[0.643,0.643,0.643,1]},"hd":false,"o":{"a":0,"k":100},"r":1},{"ty":"tr","p":{"a":0,"k":[0,0]},"a":{"a":0,"k":[-429.05,-130.95]},"s":{"a":0,"k":[100,100]},"r":{"a":0,"k":30.623},"o":{"a":0,"k":100},"sk":{"a":0,"k":0},"sa":{"a":0,"k":0}}],"nm":"imagebot_95","ln":"imagebot_95","hd":false},{"ty":"gr","it":[{"d":1,"ty":"rc","s":{"a":0,"k":[14.475,23.757]},"p":{"a":0,"k":[7.238,11.879]},"r":{"a":0,"k":0}},{"ty":"st","c":{"a":0,"k":[0.282,0.282,0.282,1]},"o":{"a":0,"k":100},"w":{"a":0,"k":2.312},"lc":2,"lj":2,"ml":4},{"ty":"tr","p":{"a":0,"k":[0,0]},"a":{"a":0,"k":[-431.12,-149.06]},"s":{"a":0,"k":[100,100]},"r":{"a":0,"k":30.623},"o":{"a":0,"k":100},"sk":{"a":0,"k":0},"sa":{"a":0,"k":0}}],"nm":"imagebot_96","ln":"imagebot_96","hd":false},{"ty":"gr","it":[{"ty":"sh","d":1,"ks":{"a":0,"k":{"i":[[0,0],[0,0],[0,0],[0,0],[0,0],[0,0],[0,0]],"o":[[0,0],[0,0],[0,0],[0,0],[0,0],[0,0],[0,0]],"v":[[279.17,375.6],[279.84,374.47],[292.01,354.01],[294.36,353.27],[283.85,378.41],[280.22,376.22],[279.17,375.6]],"c":true},"hd":false}},{"ty":"fl","c":{"a":0,"k":[1,1,1,1]},"hd":false,"o":{"a":0,"k":100},"r":1},{"ty":"tr","p":{"a":0,"k":[0,0]},"a":{"a":0,"k":[0,0]},"s":{"a":0,"k":[100,100]},"r":{"a":0,"k":0},"o":{"a":0,"k":63},"sk":{"a":0,"k":0},"sa":{"a":0,"k":0}}],"nm":"imagebot_97","ln":"imagebot_97","hd":false},{"ty":"gr","it":[{"ty":"sh","d":1,"ks":{"a":0,"k":{"i":[[0,0],[0,0],[0,0],[0,0],[0,0],[0,0],[0,0]],"o":[[0,0],[0,0],[0,0],[0,0],[0,0],[0,0],[0,0]],"v":[[304.15,349.26],[303.67,350.48],[293.71,373.56],[295.8,374.94],[309.23,351.23],[305.28,349.7],[304.15,349.26]],"c":true},"hd":false}},{"ty":"fl","c":{"a":0,"k":[0.42,0.42,0.42,1]},"hd":false,"o":{"a":0,"k":100},"r":1},{"ty":"tr","p":{"a":0,"k":[0,0]},"a":{"a":0,"k":[0,0]},"s":{"a":0,"k":[100,100]},"r":{"a":0,"k":0},"o":{"a":0,"k":63},"sk":{"a":0,"k":0},"sa":{"a":0,"k":0}}],"nm":"imagebot_98","ln":"imagebot_98","hd":false},{"ty":"gr","it":[{"d":1,"ty":"rc","s":{"a":0,"k":[14.475,23.757]},"p":{"a":0,"k":[7.238,11.879]},"r":{"a":0,"k":0}},{"ty":"st","c":{"a":0,"k":[0.282,0.282,0.282,1]},"o":{"a":0,"k":100},"w":{"a":0,"k":2.312},"lc":2,"lj":2,"ml":4},{"ty":"fl","c":{"a":0,"k":[0.643,0.643,0.643,1]},"hd":false,"o":{"a":0,"k":100},"r":1},{"ty":"tr","p":{"a":0,"k":[0,0]},"a":{"a":0,"k":[-431.12,-149.06]},"s":{"a":0,"k":[100,100]},"r":{"a":0,"k":30.623},"o":{"a":0,"k":100},"sk":{"a":0,"k":0},"sa":{"a":0,"k":0}}],"nm":"imagebot_99","ln":"imagebot_99","hd":false}],"ln":"imagebot_83"},{"ind":2,"nm":"Layer 2","ks":{"p":{"a":0,"k":[0,0]},"a":{"a":0,"k":[0,0,0]},"s":{"a":0,"k":[100,100,100]},"r":{"a":0,"k":0},"o":{"a":0,"k":100}},"ao":0,"ip":0,"op":60,"st":0,"bm":0,"sr":1,"ty":4,"shapes":[]},{"ind":1,"nm":"Layer 1","ks":{"p":{"a":0,"k":[0,0]},"a":{"a":0,"k":[0,0,0]},"s":{"a":0,"k":[100,100,100]},"r":{"a":0,"k":0},"o":{"a":0,"k":100}},"ao":0,"ip":0,"op":60,"st":0,"bm":0,"sr":1,"ty":4,"shapes":[]}]}